date,season,home_team,away_team,home_score,away_score,pre_rating_home,pre_rating_away,post_rating_home,post_rating_away,predicted_home_prob,actual_home_result
2019-04-13,2019,North Carolina Courage,Chicago Stars FC,1,1,1500.0,1500.0,1499.640840730549,1500.359159269451,0.5359159269451023,0.5
2019-04-13,2019,Washington Spirit,Gotham FC,2,0,1500.0,1500.0,1506.9612610958234,1493.0387389041766,0.5359159269451023,1.0
2019-04-14,2019,Orlando Pride,Portland Thorns FC,0,2,1500.0,1500.0,1491.9612610958234,1508.0387389041766,0.5359159269451023,0.0
2019-04-14,2019,Houston Dash,Seattle Reign FC,1,1,1500.0,1500.0,1499.640840730549,1500.359159269451,0.5359159269451023,0.5
2019-04-17,2019,North Carolina Courage,Orlando Pride,5,0,1499.640840730549,1491.9612610958234,1508.7030109022844,1482.899090924088,0.5468914914132212,1.0
2019-04-20,2019,Chicago Stars FC,Portland Thorns FC,4,4,1500.359159269451,1508.0387389041766,1500.110104669532,1508.2877935040958,0.5249054599919267,0.5
2019-04-20,2019,Gotham FC,Houston Dash,0,1,1493.0387389041766,1499.640840730549,1487.7742190634544,1504.905360571271,0.526451984072224,0.0
2019-04-21,2019,Utah Royals,Washington Spirit,1,0,1500.0,1506.9612610958234,1504.7406346903522,1502.2206264054712,0.5259365309647893,1.0
2019-04-22,2019,Seattle Reign FC,Orlando Pride,1,1,1500.359159269451,1482.899090924088,1499.7511337634642,1483.5071164300748,0.5608025505986992,0.5
2019-04-27,2019,Orlando Pride,Utah Royals,0,1,1483.5071164300748,1504.7406346903522,1478.4529145239649,1509.7948365964621,0.5054201906110042,0.0
2019-04-28,2019,Chicago Stars FC,Seattle Reign FC,3,0,1500.110104669532,1499.7511337634642,1508.2225827544453,1491.6386556785508,0.5364298237192308,1.0
2019-04-28,2019,Gotham FC,Portland Thorns FC,2,2,1487.7742190634544,1508.2877935040958,1487.709657797997,1508.3523547695534,0.5064561265457447,0.5
2019-04-28,2019,Houston Dash,North Carolina Courage,1,4,1504.905360571271,1508.7030109022844,1495.6220513425656,1517.98632013099,0.5304748130688854,0.0
2019-05-04,2019,North Carolina Courage,Gotham FC,0,0,1517.98632013099,1487.709657797997,1517.197469734404,1488.4985081945829,0.5788850396585952,0.5
2019-05-04,2019,Washington Spirit,Seattle Reign FC,0,0,1502.2206264054712,1491.6386556785508,1501.7103434642402,1492.1489386197818,0.551028294123108,0.5
2019-05-04,2019,Utah Royals,Chicago Stars FC,1,0,1509.7948365964621,1508.2225827544453,1514.413174992463,1503.6042443584445,0.538166160399922,1.0
2019-05-05,2019,Houston Dash,Orlando Pride,1,0,1495.6220513425656,1478.4529145239649,1500.0181511827466,1474.0568146837838,0.5603900159819029,1.0
2019-05-11,2019,Gotham FC,Washington Spirit,2,3,1488.4985081945829,1501.7103434642402,1483.3289279347546,1506.8799237240685,0.5169580259828276,0.0
2019-05-11,2019,Utah Royals,Houston Dash,1,2,1514.413174992463,1500.0181511827466,1508.8486522808214,1505.582673894388,0.5564522711641428,0.0
2019-05-11,2019,Orlando Pride,Portland Thorns FC,1,3,1474.0568146837838,1508.3523547695534,1466.7574271817455,1515.6517422715917,0.4866258334692231,0.0
2019-05-12,2019,Chicago Stars FC,North Carolina Courage,3,1,1503.6042443584445,1517.197469734404,1510.858097768456,1509.9436163243925,0.5164097726658959,1.0
2019-05-18,2019,Seattle Reign FC,Gotham FC,2,1,1492.1489386197818,1483.3289279347546,1496.6637609968777,1478.8141055576586,0.5485177622903985,1.0
2019-05-18,2019,Washington Spirit,Portland Thorns FC,3,1,1506.8799237240685,1515.6517422715917,1514.0298648027174,1508.5018011929428,0.523337261423406,1.0
2019-05-19,2019,North Carolina Courage,Utah Royals,1,1,1509.9436163243925,1508.8486522808214,1509.5687841629547,1509.2234844422592,0.5374832161437739,0.5
2019-05-19,2019,Houston Dash,Chicago Stars FC,1,2,1505.582673894388,1510.858097768456,1500.2991189974996,1516.1416526653445,0.5283554896888467,0.0
2019-05-25,2019,Gotham FC,Portland Thorns FC,0,1,1478.8141055576586,1508.5018011929428,1473.8815628274335,1513.434343923168,0.49325427302250224,0.0
2019-05-26,2019,Utah Royals,Orlando Pride,2,0,1509.2234844422592,1466.7574271817455,1515.2851457257289,1460.6957658982758,0.5958892477686935,1.0
2019-05-26,2019,Chicago Stars FC,Washington Spirit,0,2,1516.1416526653445,1514.0298648027174,1508.057582724343,1522.1139347437188,0.538937996066759,0.0
2019-05-27,2019,Seattle Reign FC,North Carolina Courage,2,1,1496.6637609968777,1509.5687841629547,1501.4897705681888,1504.7427745916436,0.5173990428689035,1.0
2019-06-01,2019,Orlando Pride,North Carolina Courage,0,3,1460.6957658982758,1504.7427745916436,1452.4249757752436,1513.0135647146758,0.47261657845898586,0.0
2019-06-01,2019,Washington Spirit,Utah Royals,2,0,1522.1139347437188,1515.2851457257289,1528.9287707778458,1508.4703096916019,0.5456775977248693,1.0
2019-06-02,2019,Portland Thorns FC,Chicago Stars FC,3,0,1513.434343923168,1508.057582724343,1521.4212630389777,1500.0706636085333,0.5436046219537306,1.0
2019-06-02,2019,Seattle Reign FC,Houston Dash,1,1,1501.4897705681888,1500.2991189974996,1501.113569119845,1500.6753204458435,0.5376201448343795,0.5
2019-06-15,2019,North Carolina Courage,Portland Thorns FC,1,1,1513.0135647146758,1521.4212630389777,1512.7749636625126,1521.659864091141,0.5238601052163281,0.5
2019-06-16,2019,Houston Dash,Orlando Pride,2,2,1500.6753204458435,1452.4249757752436,1499.6365095087574,1453.4637867123297,0.6038810937086037,0.5
2019-06-16,2019,Seattle Reign FC,Washington Spirit,1,1,1501.113569119845,1528.9287707778458,1501.1540822417855,1528.8882576559051,0.4959486878059355,0.5
2019-06-16,2019,Utah Royals,Gotham FC,1,0,1508.4703096916019,1473.8815628274335,1512.6210694188762,1469.7308031001592,0.5849240272725749,1.0
2019-06-22,2019,Portland Thorns FC,Utah Royals,0,0,1521.659864091141,1512.6210694188762,1521.1715677509978,1513.1093657590193,0.5488296340143123,0.5
2019-06-22,2019,Gotham FC,Orlando Pride,1,2,1469.7308031001592,1453.4637867123297,1464.1397000943061,1459.0548897181827,0.5591103005853045,0.0
2019-06-22,2019,Washington Spirit,Houston Dash,0,0,1528.8882576559051,1499.6365095087574,1528.1137964746133,1500.4109706900492,0.577446118129184,0.5
2019-06-23,2019,Chicago Stars FC,Seattle Reign FC,0,1,1500.0706636085333,1501.1540822417855,1494.727018961443,1506.4977268888758,0.5343644647090191,0.0
2019-06-29,2019,Utah Royals,Seattle Reign FC,0,2,1513.1093657590193,1506.4977268888758,1504.9288504993933,1514.6782421485018,0.5453676839750652,0.0
2019-06-30,2019,Washington Spirit,North Carolina Courage,1,2,1528.1137964746133,1512.7749636625126,1522.5358685461126,1518.3528915910133,0.5577927928500742,0.0
2019-06-30,2019,Houston Dash,Portland Thorns FC,1,2,1500.4109706900492,1521.1715677509978,1495.3499638051912,1526.2325746358558,0.5061006884857949,0.0
2019-06-30,2019,Orlando Pride,Chicago Stars FC,2,3,1459.0548897181827,1494.727018961443,1454.208425718515,1499.5734829611108,0.48464639996676656,0.0
2019-07-05,2019,North Carolina Courage,Houston Dash,5,2,1518.3528915910133,1495.3499638051912,1525.9015948878885,1487.801260508316,0.5686455258928471,1.0
2019-07-06,2019,Portland Thorns FC,Seattle Reign FC,0,1,1526.2325746358558,1514.6782421485018,1520.7084480232904,1520.2023687610672,0.5524126612565462,0.0
2019-07-07,2019,Orlando Pride,Washington Spirit,4,3,1454.208425718515,1522.5358685461126,1459.828745399756,1516.9155488648717,0.43796803187589634,1.0
2019-07-07,2019,Chicago Stars FC,Gotham FC,1,2,1499.5734829611108,1464.1397000943061,1493.7124373691124,1470.0007456863045,0.5861045591998439,0.0
2019-07-12,2019,Gotham FC,Utah Royals,1,0,1470.0007456863045,1504.9288504993933,1475.1435837235708,1499.786012462127,0.4857161962733796,1.0
2019-07-13,2019,North Carolina Courage,Seattle Reign FC,2,0,1525.9015948878885,1520.2023687610672,1532.7406180959256,1513.36334555303,0.5440651194641969,1.0
2019-07-14,2019,Houston Dash,Chicago Stars FC,0,1,1487.801260508316,1493.7124373691124,1482.5268263435335,1498.986871533895,0.5274434164782683,0.0
2019-07-14,2019,Portland Thorns FC,Orlando Pride,4,3,1520.7084480232904,1459.828745399756,1524.4971102623424,1456.040083160704,0.6211337760947945,1.0
2019-07-20,2019,Utah Royals,Portland Thorns FC,2,2,1499.786012462127,1524.4971102623424,1499.7818548262194,1524.50126789825,0.5004157635907734,0.5
2019-07-20,2019,Orlando Pride,Gotham FC,1,0,1456.040083160704,1475.1435837235708,1460.9552338588153,1470.2284330254595,0.5084849301888589,1.0
2019-07-21,2019,Washington Spirit,Houston Dash,1,2,1516.9155488648717,1482.5268263435335,1511.069104404546,1488.3732708038592,0.5846444460325869,0.0
2019-07-21,2019,Chicago Stars FC,North Carolina Courage,2,1,1498.986871533895,1532.7406180959256,1504.1128214235125,1527.6146682063081,0.4874050110382643,1.0
2019-07-24,2019,Gotham FC,Washington Spirit,0,1,1470.2284330254595,1511.069104404546,1465.4562407830076,1515.8412966469978,0.4772192242451785,0.0
2019-07-25,2019,Portland Thorns FC,Houston Dash,5,0,1524.50126789825,1488.3732708038592,1532.7597948764103,1480.114743825699,0.5870736510919898,1.0
2019-07-28,2019,Utah Royals,North Carolina Courage,1,2,1499.7818548262194,1527.6146682063081,1494.8226213844705,1532.573901648057,0.4959233441748863,0.0
2019-07-28,2019,Seattle Reign FC,Chicago Stars FC,0,4,1513.36334555303,1504.1128214235125,1503.0671315565853,1514.4090354199573,0.5491314131437228,0.0
2019-07-29,2019,Houston Dash,Gotham FC,1,0,1480.114743825699,1465.4562407830076,1484.5464779996596,1461.024506609047,0.5568265826039349,1.0
2019-08-02,2019,Houston Dash,Seattle Reign FC,0,1,1484.5464779996596,1503.0671315565853,1479.4532435171748,1508.1603660390701,0.5093234482484809,0.0
2019-08-03,2019,North Carolina Courage,Washington Spirit,1,0,1532.573901648057,1515.8412966469978,1536.9761929788572,1511.4390053161976,0.5597708669199958,1.0
2019-08-04,2019,Chicago Stars FC,Utah Royals,2,0,1514.4090354199573,1494.8226213844705,1520.9518092670019,1488.279847537426,0.5638150768636954,1.0
2019-08-04,2019,Portland Thorns FC,Gotham FC,1,1,1532.7597948764103,1461.024506609047,1531.4025539570068,1462.3817475284504,0.6357240919403565,0.5
2019-08-08,2019,Seattle Reign FC,Portland Thorns FC,1,0,1508.1603660390701,1531.4025539570068,1513.1350693055608,1526.4278506905162,0.5025296733509389,1.0
2019-08-08,2019,Utah Royals,Gotham FC,3,0,1488.279847537426,1462.3817475284504,1495.7570950361198,1454.9045000297565,0.5727287143603472,1.0
2019-08-10,2019,Washington Spirit,Chicago Stars FC,0,1,1511.4390053161976,1520.9518092670019,1506.2162741514187,1526.1745404317808,0.5222731164778998,0.0
2019-08-10,2019,Orlando Pride,Houston Dash,0,1,1460.9552338588153,1479.4532435171748,1455.861673618139,1484.546803757851,0.5093560240676132,0.0
2019-08-11,2019,Portland Thorns FC,North Carolina Courage,2,1,1526.4278506905162,1536.9761929788572,1531.219994479056,1532.1840491903174,0.5207856211460182,1.0
2019-08-11,2019,Seattle Reign FC,Utah Royals,1,3,1513.1350693055608,1495.7570950361198,1504.7247770336999,1504.1673873079808,0.5606861514573938,0.0
2019-08-14,2019,Gotham FC,Chicago Stars FC,2,1,1454.9045000297565,1526.1745404317808,1460.566470528411,1520.5125699331263,0.43380295013455544,1.0
2019-08-17,2019,Orlando Pride,Utah Royals,0,2,1455.861673618139,1504.1673873079808,1448.864014666619,1511.165046259501,0.4665105967680071,0.0
2019-08-18,2019,Portland Thorns FC,Washington Spirit,3,1,1531.219994479056,1506.2162741514187,1537.6479690488827,1499.788299581592,0.5714683620115518,1.0
2019-08-18,2019,Gotham FC,Seattle Reign FC,1,1,1460.566470528411,1504.7247770336999,1460.841901615854,1504.4493459462567,0.47245689125569185,0.5
2019-08-21,2019,Chicago Stars FC,Orlando Pride,1,2,1520.5125699331263,1448.864014666619,1514.1564853086252,1455.22009929112,0.6356084624501114,0.0
2019-08-21,2019,Washington Spirit,Utah Royals,0,0,1499.788299581592,1511.165046259501,1499.592345622119,1511.361000218974,0.5195953959472939,0.5
2019-08-24,2019,Washington Spirit,Orlando Pride,2,1,1499.592345622119,1455.22009929112,1503.6070578471827,1451.2053870660563,0.5985287774936299,1.0
2019-08-24,2019,North Carolina Courage,Seattle Reign FC,1,0,1532.1840491903174,1504.4493459462567,1536.4309105400798,1500.2024845964943,0.5753138650237494,1.0
2019-08-25,2019,Houston Dash,Gotham FC,1,2,1484.546803757851,1460.841901615854,1478.850439453129,1466.5382659205761,0.5696364304721941,0.0
2019-08-25,2019,Portland Thorns FC,Chicago Stars FC,3,0,1537.6479690488827,1514.1564853086252,1545.1846025514426,1506.6198518060653,0.569335228425148,1.0
2019-09-07,2019,Utah Royals,Portland Thorns FC,1,0,1511.361000218974,1545.1846025514426,1516.4879547709359,1540.0576479994807,0.48730454480379937,1.0
2019-09-07,2019,Gotham FC,North Carolina Courage,1,2,1466.5382659205761,1536.4309105400798,1462.1807514249874,1540.7884250356685,0.43575144955887624,0.0
2019-09-08,2019,Seattle Reign FC,Orlando Pride,3,1,1500.2024845964943,1451.2053870660563,1506.1288509628255,1445.2790206997252,0.6049089089112549,1.0
2019-09-08,2019,Chicago Stars FC,Houston Dash,3,0,1506.6198518060653,1478.850439453129,1514.0510048815456,1471.4192863776486,0.5753626814011231,1.0
2019-09-11,2019,Orlando Pride,Chicago Stars FC,0,1,1445.2790206997252,1514.0510048815456,1440.905638373262,1518.4243872080087,0.43733823264630595,0.0
2019-09-12,2019,Portland Thorns FC,North Carolina Courage,0,6,1540.0576479994807,1540.7884250356685,1528.6916706116483,1552.1544024235009,0.5348695241332916,0.0
2019-09-14,2019,Houston Dash,Utah Royals,2,1,1471.4192863776486,1516.4879547709359,1476.7077769555594,1511.199464193025,0.4711509422089221,1.0
2019-09-14,2019,North Carolina Courage,Orlando Pride,6,1,1552.1544024235009,1440.905638373262,1558.4222329421734,1434.6378078545895,0.6866084740663719,1.0
2019-09-14,2019,Washington Spirit,Seattle Reign FC,2,2,1503.6070578471827,1506.1288509628255,1503.2840210395082,1506.4518877705,0.5323036807674385,0.5
2019-09-15,2019,Gotham FC,Chicago Stars FC,0,3,1462.1807514249874,1518.4243872080087,1454.215493334215,1526.3896452987813,0.4551576051869996,0.0
2019-09-17,2019,North Carolina Courage,Houston Dash,1,0,1558.4222329421734,1476.7077769555594,1561.9330273284247,1473.1969825693081,0.6489205613748681,1.0
2019-09-22,2019,Portland Thorns FC,Houston Dash,1,0,1528.6916706116483,1473.1969825693081,1532.5535499548619,1469.3351032260946,0.6138120656786402,1.0
2019-09-22,2019,Seattle Reign FC,Gotham FC,0,1,1506.4518877705,1454.215493334215,1500.3583220011121,1460.3090591036027,0.6093565769387795,0.0
2019-09-22,2019,Chicago Stars FC,Washington Spirit,3,1,1526.3896452987813,1503.2840210395082,1532.8577874027633,1496.8158789355261,0.5687905264011921,1.0
2019-09-22,2019,Utah Royals,North Carolina Courage,0,3,1511.199464193025,1561.9330273284247,1503.0963692142814,1570.0361223071684,0.46303399878535384,0.0
2019-09-26,2019,Houston Dash,Washington Spirit,0,0,1469.3351032260946,1496.8158789355261,1469.3708038516843,1496.7801783099364,0.4964299374410199,0.5
2019-09-26,2019,Seattle Reign FC,Utah Royals,2,1,1500.3583220011121,1503.0963692142814,1505.0383844738574,1498.4163067415361,0.5319937527254771,1.0
2019-09-28,2019,Washington Spirit,North Carolina Courage,2,1,1496.7801783099364,1570.0361223071684,1502.4702057747663,1564.3460948423385,0.4309972535170082,1.0
2019-09-29,2019,Chicago Stars FC,Utah Royals,2,1,1532.8577874027633,1498.4163067415361,1537.0106054698947,1494.2634886744047,0.5847181932868557,1.0
2019-09-29,2019,Gotham FC,Orlando Pride,1,1,1460.3090591036027,1434.6378078545895,1459.5849678068428,1435.3618991513495,0.5724091296760024,0.5
2019-09-29,2019,Seattle Reign FC,Portland Thorns FC,2,0,1505.0383844738574,1532.5535499548619,1512.5926777367624,1524.9992566919568,0.4963804491396601,1.0
2019-10-05,2019,Orlando Pride,Washington Spirit,0,3,1435.3618991513495,1502.4702057747663,1427.6672147678216,1510.1648901582942,0.43969625048730643,0.0
2019-10-12,2019,North Carolina Courage,Gotham FC,3,2,1564.3460948423385,1459.5849678068428,1567.5609243563056,1456.3701382928757,0.6785170486032902,1.0
2019-10-12,2019,Orlando Pride,Seattle Reign FC,2,2,1427.6672147678216,1512.5926777367624,1428.5211602073443,1511.7387322972397,0.4146054560477336,0.5
2019-10-13,2019,Utah Royals,Houston Dash,2,1,1494.2634886744047,1469.3708038516843,1498.5503704079608,1465.0839221181282,0.5713118266443862,1.0
2019-10-13,2019,Portland Thorns FC,Washington Spirit,0,0,1524.9992566919568,1510.1648901582942,1524.4284928222312,1510.7356540280198,0.5570763869725524,0.5
2019-10-20,2019,Chicago Stars FC,Portland Thorns FC,1,0,1537.0106054698947,1524.4284928222312,1541.4718550173234,1519.9672432748025,0.5538750452571402,1.0
2019-10-20,2019,North Carolina Courage,Seattle Reign FC,4,1,1567.5609243563056,1511.7387322972397,1574.3113942072453,1504.9882624463,0.6142588656605893,1.0
2019-10-27,2019,North Carolina Courage,Chicago Stars FC,4,0,1574.3113942072453,1541.4718550173234,1582.1399455109588,1533.6433037136098,0.5824772638019503,1.0
2021-05-15,2021,Racing Louisville FC,Kansas City Current,0,0,1500.0,1500.0,1499.640840730549,1500.359159269451,0.5359159269451023,0.5
2021-05-15,2021,Gotham FC,Houston Dash,1,0,1478.1850691464379,1482.541961059064,1482.888340031182,1477.83869017432,0.5296729115255894,1.0
2021-05-16,2021,Seattle Reign FC,North Carolina Courage,0,0,1502.49413122315,1541.0699727554793,1502.6894039164547,1540.8747000621745,0.4804727306695293,0.5
2021-05-16,2021,Orlando Pride,Washington Spirit,1,1,1464.260580103672,1505.36782701401,1464.4922160932547,1505.1361910244273,0.47683640104173936,0.5
2021-05-16,2021,Portland Thorns FC,Chicago Stars FC,5,0,1509.9836216374013,1516.821651856805,1519.4613537575656,1507.3439197366406,0.5261133939917878,1.0
2021-05-21,2021,Racing Louisville FC,Washington Spirit,2,0,1499.640840730549,1505.1361910244273,1506.7202407792854,1498.0567909756908,0.528039996750907,1.0
2021-05-22,2021,North Carolina Courage,Orlando Pride,1,2,1540.8747000621745,1464.4922160932547,1534.4557362903074,1470.9111798651218,0.641896377186713,0.0
2021-05-23,2021,Chicago Stars FC,Gotham FC,0,0,1507.3439197366406,1482.888340031182,1506.6369650639986,1483.595294703824,0.5706954672641992,0.5
2021-05-23,2021,Portland Thorns FC,Seattle Reign FC,1,2,1519.4613537575656,1502.6894039164547,1513.8630869695396,1508.2876707044807,0.5598266788025933,0.0
2021-05-23,2021,Houston Dash,Kansas City Current,2,2,1477.83869017432,1500.359159269451,1477.803007461995,1500.394841981776,0.5035682712324947,0.5
2021-05-26,2021,Orlando Pride,Portland Thorns FC,2,1,1470.9111798651218,1513.8630869695396,1476.1692989110595,1508.6049679236019,0.4741880954062357,1.0
2021-05-27,2021,Kansas City Current,Chicago Stars FC,0,2,1500.394841981776,1506.6369650639986,1492.4903136314026,1514.5414934143719,0.5269685566915473,0.0
2021-05-27,2021,Washington Spirit,Houston Dash,2,1,1498.0567909756908,1477.803007461995,1502.4091947629688,1473.450603674717,0.5647596212721882,1.0
2021-05-28,2021,North Carolina Courage,Racing Louisville FC,5,0,1534.4557362903074,1506.7202407792854,1542.9494367039408,1498.226540365652,0.5753149793183264,1.0
2021-05-29,2021,Houston Dash,Chicago Stars FC,2,1,1473.450603674717,1514.5414934143719,1478.6820047703936,1509.3100923186953,0.47685989043234794,1.0
2021-05-30,2021,Seattle Reign FC,Washington Spirit,0,1,1508.2876707044807,1502.4091947629688,1502.8444600499356,1507.8524054175139,0.5443210654544995,0.0
2021-05-30,2021,Gotham FC,Portland Thorns FC,0,1,1483.595294703824,1508.6049679236019,1478.595433912647,1513.604828714779,0.4999860791177151,0.0
2021-05-30,2021,Orlando Pride,Kansas City Current,1,0,1476.1692989110595,1492.4903136314026,1481.0444242458962,1487.615188296566,0.5124874665163323,1.0
2021-06-05,2021,Chicago Stars FC,North Carolina Courage,1,0,1509.3100923186953,1542.9494367039408,1514.4343968597425,1537.8251321628936,0.4875695458952888,1.0
2021-06-05,2021,Gotham FC,Seattle Reign FC,1,0,1478.595433912647,1502.8444600499356,1483.584626546843,1497.8552674157395,0.5010807365803824,1.0
2021-06-06,2021,Portland Thorns FC,Racing Louisville FC,3,0,1513.604828714779,1498.226540365652,1521.3424744592828,1490.4888946211481,0.5578488145997784,1.0
2021-06-06,2021,Kansas City Current,Houston Dash,0,1,1487.615188296566,1478.6820047703936,1482.1283973721595,1484.1687956948,0.5486790924406464,0.0
2021-06-06,2021,Washington Spirit,Orlando Pride,1,1,1507.8524054175139,1481.0444242458962,1507.1123059874847,1481.7845236759254,0.5740099430029127,0.5
2021-06-19,2021,North Carolina Courage,Seattle Reign FC,2,1,1537.8251321628936,1497.8552674157395,1541.9008887130158,1493.7795108656173,0.5924243449877836,1.0
2021-06-20,2021,Chicago Stars FC,Washington Spirit,1,1,1514.4343968597425,1507.1123059874847,1513.9705818640734,1507.5761209831537,0.5463814995669043,0.5
2021-06-20,2021,Racing Louisville FC,Houston Dash,1,0,1490.4888946211481,1484.1687956948,1495.0393791523518,1479.6183111635964,0.5449515468796308,1.0
2021-06-20,2021,Portland Thorns FC,Kansas City Current,1,0,1521.3424744592828,1482.1283973721595,1525.4287402324412,1478.042131599001,0.591373422684156,1.0
2021-06-20,2021,Orlando Pride,Gotham FC,1,1,1481.7845236759254,1483.584626546843,1481.4511456655785,1483.91800455719,0.5333378010346846,0.5
2021-06-23,2021,Seattle Reign FC,Chicago Stars FC,2,0,1493.7795108656173,1513.9705818640734,1501.1757084171488,1506.574384312542,0.5069201632312295,1.0
2021-06-23,2021,Kansas City Current,Orlando Pride,1,3,1478.042131599001,1481.4511456655785,1470.0766517534848,1489.4166255110947,0.5310319897010789,0.0
2021-06-23,2021,Racing Louisville FC,North Carolina Courage,0,2,1495.0393791523518,1541.9008887130158,1488.0106759432647,1548.9295919221029,0.4685802139391455,0.0
2021-06-26,2021,North Carolina Courage,Portland Thorns FC,2,0,1548.9295919221029,1525.4287402324412,1555.3893651616786,1518.9689669928655,0.5693484506949585,1.0
2021-06-26,2021,Chicago Stars FC,Racing Louisville FC,0,3,1506.574384312542,1488.0106759432647,1496.7329667153854,1497.8520935404213,0.5623667198375206,0.0
2021-06-26,2021,Seattle Reign FC,Gotham FC,0,3,1501.1757084171488,1483.91800455719,1491.3666852247636,1493.7270277495752,0.5605156109934364,0.0
2021-06-27,2021,Houston Dash,Orlando Pride,2,1,1479.6183111635964,1489.4166255110947,1484.3996808194909,1484.6352558552003,0.5218630344105492,1.0
2021-06-27,2021,Kansas City Current,Washington Spirit,1,2,1470.0766517534848,1507.5761209831537,1465.2564560086917,1512.396316727947,0.482019574479316,0.0
2021-07-02,2021,Washington Spirit,Chicago Stars FC,0,1,1512.396316727947,1496.7329667153854,1506.8137815139733,1502.315501929359,0.5582535213973696,0.0
2021-07-03,2021,Houston Dash,Seattle Reign FC,2,0,1484.3996808194909,1491.3666852247636,1491.5107565008202,1484.2556095434343,0.5259282879113738,1.0
2021-07-03,2021,Gotham FC,Kansas City Current,1,1,1493.7270277495752,1465.2564560086917,1492.963542690121,1466.019941068146,0.5763485059454236,0.5
2021-07-03,2021,Racing Louisville FC,Portland Thorns FC,0,2,1497.8520935404213,1518.9689669928655,1490.2682730058268,1526.55278752746,0.5055880356396331,0.0
2021-07-04,2021,Orlando Pride,North Carolina Courage,0,2,1484.6352558552003,1555.3893651616786,1478.1172674078541,1561.9073536090248,0.43453256315641425,0.0
2021-07-09,2021,Orlando Pride,Racing Louisville FC,1,1,1478.1172674078541,1490.2682730058268,1477.9324397693038,1490.4531006443772,0.5184827638550369,0.5
2021-07-10,2021,Washington Spirit,North Carolina Courage,2,0,1506.8137815139733,1561.9073536090248,1514.9617837782553,1553.7593513447428,0.45679984904787274,1.0
2021-07-11,2021,Portland Thorns FC,Gotham FC,0,0,1526.55278752746,1492.963542690121,1525.7175230808916,1493.7988071366892,0.5835264446568376,0.5
2021-07-11,2021,Chicago Stars FC,Houston Dash,2,1,1502.315501929359,1491.5107565008202,1506.8020466025846,1487.0242118275946,0.5513455326774458,1.0
2021-07-11,2021,Seattle Reign FC,Kansas City Current,2,0,1484.2556095434343,1466.019941068146,1490.8270807011518,1459.4484699104285,0.5619019228188331,1.0
2021-07-17,2021,North Carolina Courage,Houston Dash,1,2,1553.7593513447428,1487.0242118275946,1547.4690229730606,1493.3145401992767,0.6290328371682048,0.0
2021-07-18,2021,Chicago Stars FC,Seattle Reign FC,3,1,1506.8020466025846,1490.8270807011518,1513.4216090154532,1484.2075182882832,0.5586958391420992,1.0
2021-07-18,2021,Washington Spirit,Gotham FC,2,3,1514.9617837782553,1493.7988071366892,1509.3013271057364,1499.459263809208,0.5660456672518939,0.0
2021-07-19,2021,Portland Thorns FC,Orlando Pride,2,1,1525.7175230808916,1477.9324397693038,1529.685120553567,1473.9648422966284,0.6032402527324616,1.0
2021-07-24,2021,Kansas City Current,North Carolina Courage,0,0,1459.4484699104285,1547.4690229730606,1460.3455912050736,1546.5719016784155,0.41028787053549576,0.5
2021-07-24,2021,Orlando Pride,Seattle Reign FC,0,2,1473.9648422966284,1484.2075182882832,1466.146471287652,1492.0258892972595,0.5212247339317527,0.0
2021-07-25,2021,Houston Dash,Portland Thorns FC,0,1,1493.3145401992767,1529.685120553567,1488.478117607795,1534.5215431450488,0.4836422591481679,0.0
2021-07-25,2021,Gotham FC,Chicago Stars FC,2,1,1499.459263809208,1513.4216090154532,1504.3004726052059,1508.5804002194554,0.5158791204002213,1.0
2021-07-25,2021,Racing Louisville FC,Washington Spirit,0,2,1490.4531006443772,1509.3013271057364,1482.8203178136805,1516.934109936433,0.5088521887131164,0.0
2021-07-31,2021,North Carolina Courage,Orlando Pride,1,1,1546.5719016784155,1466.146471287652,1545.0996196488265,1467.618753317241,0.6472282029588987,0.5
2021-08-01,2021,Seattle Reign FC,Racing Louisville FC,2,0,1492.0258892972595,1482.8203178136805,1498.7898791235898,1476.0563279873502,0.5490673449113065,1.0
2021-08-01,2021,Portland Thorns FC,Kansas City Current,2,0,1534.5215431450488,1460.3455912050736,1539.9369716089427,1454.9301627411796,0.638971435740404,1.0
2021-08-01,2021,Chicago Stars FC,Washington Spirit,3,1,1508.5804002194554,1516.934109936433,1515.721335866026,1509.7931742898625,0.5239376235619615,1.0
2021-08-01,2021,Houston Dash,Gotham FC,1,1,1488.478117607795,1504.3004726052059,1488.3460713905372,1504.4325188224636,0.5132046217257841,0.5
2021-08-07,2021,Gotham FC,North Carolina Courage,0,1,1504.4325188224636,1545.0996196488265,1499.6578338276738,1549.8743046436164,0.47746849947898357,0.0
2021-08-07,2021,Washington Spirit,Portland Thorns FC,0,1,1509.7931742898625,1539.9369716089427,1504.8671940757565,1544.8629518230487,0.4925980214106015,0.0
2021-08-08,2021,Chicago Stars FC,Orlando Pride,0,2,1515.721335866026,1467.618753317241,1506.6661717478341,1476.673917435433,0.6036776078794645,0.0
2021-08-08,2021,Racing Louisville FC,Kansas City Current,3,1,1476.0563279873502,1454.9301627411796,1482.5664237624055,1448.4200669661243,0.5659936149963049,1.0
2021-08-08,2021,Seattle Reign FC,Houston Dash,5,1,1498.7898791235898,1488.3460713905372,1507.2117880379767,1479.9241624761503,0.5508315245660311,1.0
2021-08-14,2021,Houston Dash,Washington Spirit,2,2,1479.9241624761503,1504.8671940757565,1479.923342634973,1504.8680139169337,0.5000819841177143,0.5
2021-08-14,2021,Orlando Pride,Portland Thorns FC,1,1,1476.673917435433,1544.8629518230487,1477.2922758206703,1544.2445934378113,0.4381641614762586,0.5
2021-08-15,2021,Kansas City Current,Seattle Reign FC,1,0,1448.4200669661243,1507.2117880379767,1453.9048412989837,1501.7270137051173,0.4515225667140604,1.0
2021-08-15,2021,Gotham FC,Racing Louisville FC,1,1,1499.6578338276738,1482.5664237624055,1499.0550359579092,1483.16922163217,0.5602797869764622,0.5
2021-08-15,2021,North Carolina Courage,Chicago Stars FC,1,0,1549.8743046436164,1506.6661717478341,1553.9051298413615,1502.635346550089,0.596917480225493,1.0
2021-08-19,2021,Racing Louisville FC,Chicago Stars FC,1,1,1483.16922163217,1502.635346550089,1483.0895895019287,1502.7149786803304,0.5079632130241301,0.5
2021-08-21,2021,North Carolina Courage,Kansas City Current,4,0,1553.9051298413615,1453.9048412989837,1560.0455671697882,1447.764403970557,0.6725100091505766,1.0
2021-08-22,2021,Seattle Reign FC,Gotham FC,3,2,1501.7270137051173,1499.0550359579092,1506.3296218689495,1494.452427794077,0.5397391836167807,1.0
2021-08-22,2021,Washington Spirit,Orlando Pride,2,1,1504.8680139169337,1477.2922758206703,1509.1171112082136,1473.0431785293904,0.5750902708720106,1.0
2021-08-26,2021,Kansas City Current,Racing Louisville FC,2,1,1447.764403970557,1483.0895895019287,1452.9129516062021,1477.9410418662835,0.4851452364354816,1.0
2021-08-26,2021,Portland Thorns FC,Gotham FC,2,1,1544.2445934378113,1494.452427794077,1548.184571382155,1490.5124498497335,0.6060022055656372,1.0
2021-08-29,2021,Houston Dash,Racing Louisville FC,1,0,1479.923342634973,1477.9410418662835,1484.5358148957296,1473.328569605527,0.538752773924347,1.0
2021-08-29,2021,Seattle Reign FC,Portland Thorns FC,2,1,1506.3296218689495,1548.184571382155,1511.571993983131,1542.9421992679734,0.47576278858183885,1.0
2021-08-29,2021,Gotham FC,Orlando Pride,0,1,1490.5124498497335,1473.0431785293904,1484.9042938612283,1478.6513345178955,0.5608155988505061,0.0
2021-08-29,2021,Washington Spirit,North Carolina Courage,0,0,1509.1171112082136,1560.0455671697882,1509.489560507111,1559.6731178708908,0.46275507011026734,0.5
2021-08-29,2021,Chicago Stars FC,Kansas City Current,3,0,1502.7149786803304,1452.9129516062021,1509.6097028914753,1446.0182273950572,0.6060157593631457,1.0
2021-09-02,2021,Houston Dash,Seattle Reign FC,0,1,1484.5358148957296,1511.571993983131,1479.565117532832,1516.5426913460287,0.49706973628976747,0.0
2021-09-04,2021,Gotham FC,Chicago Stars FC,0,0,1484.9042938612283,1509.6097028914753,1484.9000543573975,1509.6139423953061,0.5004239503830797,0.5
2021-09-04,2021,Racing Louisville FC,Seattle Reign FC,1,1,1473.328569605527,1516.5426913460287,1473.5904520194401,1516.2808089321156,0.47381175860869645,0.5
2021-09-05,2021,Portland Thorns FC,Washington Spirit,0,0,1542.9421992679734,1509.489560507111,1542.1088460040469,1510.3229137710375,0.5833353263926568,0.5
2021-09-05,2021,Orlando Pride,Houston Dash,1,1,1478.6513345178955,1479.565117532832,1478.3052602314044,1479.911191819323,0.5346074286491057,0.5
2021-09-05,2021,Kansas City Current,North Carolina Courage,0,0,1446.0182273950572,1559.6731178708908,1447.267085800525,1558.4242594654231,0.37511415945322923,0.5
2021-09-11,2021,Houston Dash,Chicago Stars FC,1,1,1479.911191819323,1509.6139423953061,1479.978865707548,1509.546268507081,0.4932326111775058,0.5
2021-09-11,2021,Orlando Pride,Racing Louisville FC,3,1,1478.3052602314044,1473.5904520194401,1485.1653739680296,1466.730338282815,0.5426590842249837,1.0
2021-09-12,2021,North Carolina Courage,Portland Thorns FC,0,1,1558.4242594654231,1542.1088460040469,1552.8324697152277,1547.7006357542423,0.5591789750195464,0.0
2021-09-12,2021,Washington Spirit,Seattle Reign FC,0,3,1510.3229137710375,1516.2808089321156,1501.0938270249767,1525.5098956781765,0.5273763854891921,0.0
2021-09-25,2021,Gotham FC,North Carolina Courage,3,1,1484.9000543573975,1552.8324697152277,1493.3221365967984,1544.4103874758268,0.4385278507066048,1.0
2021-09-26,2021,Seattle Reign FC,Orlando Pride,3,0,1525.5098956781765,1485.1653739680296,1532.6333583070736,1478.0419113391324,0.5929449926344456,1.0
2021-09-26,2021,Washington Spirit,Kansas City Current,2,1,1501.0938270249767,1447.267085800525,1504.9784910789192,1443.3824217465824,0.6115335946057527,1.0
2021-09-26,2021,Chicago Stars FC,Portland Thorns FC,2,1,1509.546268507081,1547.7006357542423,1514.7354846653277,1542.5114195959957,0.48107838417533194,1.0
2021-09-26,2021,Racing Louisville FC,Houston Dash,0,4,1466.730338282815,1479.978865707548,1457.0383642400848,1489.6708397502782,0.5169052822789484,0.0
2021-10-06,2021,Gotham FC,Washington Spirit,0,0,1493.3221365967984,1504.9784910789192,1493.1302004625911,1505.1704272131265,0.5191936134207301,0.5
2021-10-06,2021,North Carolina Courage,Racing Louisville FC,3,1,1544.4103874758268,1457.0383642400848,1549.5658314906389,1451.8829202252728,0.6563037323458591,1.0
2021-10-07,2021,Portland Thorns FC,Houston Dash,2,3,1542.5114195959957,1489.6708397502782,1536.4095779812844,1495.7726813649895,0.6101841614711295,0.0
2021-10-09,2021,Orlando Pride,Gotham FC,2,3,1478.0419113391324,1493.1302004625911,1472.8993090373533,1498.2728027643702,0.5142602301779216,0.0
2021-10-09,2021,Washington Spirit,Racing Louisville FC,3,0,1505.1704272131265,1451.8829202252728,1511.9814983795914,1445.0718490588079,0.610795933344857,1.0
2021-10-10,2021,Houston Dash,North Carolina Courage,4,1,1495.7726813649895,1549.5658314906389,1505.2461676171113,1540.092345238517,0.4586579284501791,1.0
2021-10-10,2021,Kansas City Current,Portland Thorns FC,0,0,1443.3824217465824,1536.4095779812844,1444.3490896873227,1535.4429100405441,0.40333320592595917,0.5
2021-10-10,2021,Seattle Reign FC,Chicago Stars FC,3,2,1532.6333583070736,1514.7354846653277,1537.0191264016316,1510.3497165707697,0.5614231905442105,1.0
2021-10-13,2021,North Carolina Courage,Washington Spirit,1,2,1540.092345238517,1511.9814983795914,1534.333917128386,1517.7399264897224,0.5758428110130944,0.0
2021-10-14,2021,Chicago Stars FC,Orlando Pride,1,0,1510.3497165707697,1472.8993090373533,1514.4605385156813,1468.7884870924418,0.5889178055088383,1.0
2021-10-14,2021,Kansas City Current,Houston Dash,3,0,1444.3490896873227,1505.2461676171113,1453.9999372745954,1495.5953200298386,0.4485229950129956,1.0
2021-10-14,2021,Portland Thorns FC,Seattle Reign FC,1,1,1535.4429100405441,1537.0191264016316,1535.1063245063551,1537.3557119358206,0.5336585534189031,0.5
2021-10-16,2021,Racing Louisville FC,Orlando Pride,3,1,1445.0718490588079,1468.7884870924418,1452.5441455898117,1461.316190561438,0.5018468979330795,1.0
2021-10-17,2021,Houston Dash,Portland Thorns FC,0,1,1495.5953200298386,1535.1063245063551,1490.8040288278626,1539.8976157083312,0.47912912019759696,0.0
2021-10-17,2021,North Carolina Courage,Gotham FC,0,3,1534.333917128386,1498.2728027643702,1524.061761615201,1508.5449582775552,0.5869803150391394,0.0
2021-10-17,2021,Chicago Stars FC,Kansas City Current,2,1,1514.4605385156813,1453.9999372745954,1518.254879763674,1450.2055960266027,0.6205658752007285,1.0
2021-10-17,2021,Seattle Reign FC,Washington Spirit,0,2,1537.3557119358206,1517.7399264897224,1528.897862084782,1526.197776340761,0.5638566567359113,0.0
2021-10-23,2021,Kansas City Current,Gotham FC,1,1,1450.2055960266027,1508.5449582775552,1450.6839207775004,1508.0666335266576,0.45216752491023293,0.5
2021-10-28,2021,Racing Louisville FC,Gotham FC,1,1,1452.5441455898117,1508.0666335266576,1452.9822729594682,1507.628506157001,0.4561872630343468,0.5
2021-10-29,2021,Orlando Pride,Chicago Stars FC,0,1,1461.316190561438,1518.254879763674,1456.7745348845049,1522.796535440607,0.45416556769330113,0.0
2021-10-31,2021,Kansas City Current,Seattle Reign FC,0,3,1450.6839207775004,1528.897862084782,1443.2637065016536,1536.3180763606288,0.4240122443340991,0.0
2021-10-31,2021,Portland Thorns FC,North Carolina Courage,0,0,1539.8976157083312,1524.061761615201,1539.3126318005657,1524.6467455229665,0.5584983907765383,0.5
2021-10-31,2021,Washington Spirit,Houston Dash,1,0,1526.197776340761,1490.8040288278626,1530.337289828468,1486.6645153401555,0.5860486512292882,1.0
2021-10-31,2021,Gotham FC,Racing Louisville FC,1,1,1507.628506157001,1452.9822729594682,1506.5019695167202,1454.108809599749,0.6126536640280872,0.5
2021-11-07,2021,Chicago Stars FC,Gotham FC,1,0,1522.796535440607,1506.5019695167202,1527.2050415098295,1502.0934634474977,0.5591493930777383,1.0
2021-11-07,2021,Washington Spirit,North Carolina Courage,1,0,1530.337289828468,1524.6467455229665,1534.8967626051387,1520.0872727462959,0.5440527223329429,1.0
2021-11-14,2021,Seattle Reign FC,Washington Spirit,1,2,1536.3180763606288,1534.8967626051387,1530.9385743739626,1540.2762645918049,0.5379501986666084,0.0
2021-11-14,2021,Portland Thorns FC,Chicago Stars FC,0,2,1539.3126318005657,1527.2050415098295,1531.014632067489,1535.5030412429062,0.5531999822051099,0.0
2021-11-20,2021,Washington Spirit,Chicago Stars FC,2,1,1540.2762645918049,1535.5030412429062,1544.848839219471,1530.93046661524,0.5427425372333874,1.0
2022-04-30,2022,Portland Thorns FC,Kansas City Current,3,0,1515.5073160337445,1471.6318532508267,1522.5450912329677,1464.5940780516034,0.597841417187242,1.0
2022-04-30,2022,Angel City FC,North Carolina Courage,2,1,1500.0,1510.0436363731478,1504.784893481706,1505.258742891442,0.521510651829401,1.0
2022-05-01,2022,Chicago Stars FC,Racing Louisville FC,2,1,1515.46523330762,1477.0544047998746,1519.5626774082907,1472.956960699204,0.5902555899329355,1.0
2022-05-01,2022,Washington Spirit,Seattle Reign FC,2,1,1522.4244196097357,1515.4692871869813,1526.9658406392248,1510.9278661574922,0.5458578970510909,1.0
2022-05-01,2022,Houston Dash,San Diego Wave FC,0,1,1493.3322576700778,1500.0,1488.0686798376464,1505.2635778324313,0.5263577832431351,0.0
2022-05-01,2022,Orlando Pride,Gotham FC,0,3,1478.3872674422523,1501.046731723749,1469.578323054878,1509.8556761111233,0.503368250707104,0.0
2022-05-08,2022,San Diego Wave FC,Gotham FC,4,0,1505.2635778324313,1509.8556761111233,1514.0885353138826,1501.030718629672,0.5293356009892617,1.0
2022-05-08,2022,Kansas City Current,Houston Dash,0,2,1464.5940780516034,1488.0686798376464,1457.0611498957874,1495.6016079934625,0.5021952103877394,0.0
2022-05-08,2022,Seattle Reign FC,Racing Louisville FC,2,2,1510.9278661574922,1472.956960699204,1510.0314363655236,1473.8533904911726,0.5896429791968577,0.5
2022-05-09,2022,Angel City FC,Orlando Pride,0,1,1504.784893481706,1469.578323054878,1498.927021125878,1475.436195410706,0.5857872355828028,0.0
2022-05-14,2022,Portland Thorns FC,Seattle Reign FC,0,0,1522.5450912329677,1510.0314363655236,1522.0073145496112,1510.56921304888,0.5537776683356473,0.5
2022-05-14,2022,Orlando Pride,Kansas City Current,2,2,1475.436195410706,1457.0611498957874,1474.8152012275086,1457.6821440789847,0.5620994183197328,0.5
2022-05-15,2022,San Diego Wave FC,Chicago Stars FC,2,1,1514.0885353138826,1519.5626774082907,1518.8078310967674,1514.843381625406,0.5280704217115233,1.0
2022-05-15,2022,Racing Louisville FC,Houston Dash,1,1,1473.8533904911726,1495.6016079934625,1473.8065949456584,1495.6484035389767,0.5046795545514184,0.5
2022-05-15,2022,Washington Spirit,Angel City FC,0,1,1526.9658406392248,1498.927021125878,1521.2084252681057,1504.684436496997,0.5757415371119035,0.0
2022-05-18,2022,North Carolina Courage,Orlando Pride,1,2,1505.258742891442,1474.8152012275086,1499.467550864709,1480.6063932542415,0.5791192026732986,0.0
2022-05-18,2022,Racing Louisville FC,San Diego Wave FC,1,0,1473.8065949456584,1518.8078310967674,1479.0941183154025,1513.5203077270232,0.47124766302557836,1.0
2022-05-19,2022,Portland Thorns FC,Washington Spirit,1,1,1522.0073145496112,1521.2084252681057,1521.6367195702928,1521.579020247424,0.5370594979318326,0.5
2022-05-21,2022,Portland Thorns FC,Houston Dash,0,2,1521.6367195702928,1495.6484035389767,1513.0438826618295,1504.24124044744,0.5728557938975587,0.0
2022-05-22,2022,Angel City FC,Kansas City Current,1,0,1504.684436496997,1457.6821440789847,1508.6628239519391,1453.7037566240426,0.6021612545057867,1.0
2022-05-22,2022,North Carolina Courage,San Diego Wave FC,0,1,1499.467550864709,1513.5203077270232,1494.3100594874418,1518.6777991042904,0.5157491377267149,0.0
2022-05-22,2022,Gotham FC,Racing Louisville FC,0,1,1501.030718629672,1479.0941183154025,1495.3593261079677,1484.7655108371068,0.5671392521704391,0.0
2022-05-22,2022,Seattle Reign FC,Washington Spirit,0,0,1510.56921304888,1521.579020247424,1510.3679867366973,1521.780246559607,0.5201226312182784,0.5
2022-05-22,2022,Orlando Pride,Chicago Stars FC,2,4,1480.6063932542415,1514.843381625406,1473.305742710476,1522.1440321691716,0.4867100362510475,0.0
2022-05-26,2022,Seattle Reign FC,Kansas City Current,1,0,1510.3679867366973,1453.7037566240426,1514.2139193592611,1449.8578240014788,0.6154067377436123,1.0
2022-05-27,2022,Orlando Pride,Washington Spirit,2,2,1473.305742710476,1521.780246559607,1473.6430548523074,1521.4429344177754,0.466268785816852,0.5
2022-05-29,2022,Chicago Stars FC,Portland Thorns FC,2,2,1522.1440321691716,1513.0438826618295,1521.6548612982162,1513.5330535327848,0.5489170870955346,0.5
2022-05-29,2022,Seattle Reign FC,San Diego Wave FC,1,0,1514.2139193592611,1518.6777991042904,1518.918724528035,1513.9729939355166,0.5295194831226123,1.0
2022-05-29,2022,Houston Dash,North Carolina Courage,1,1,1504.24124044744,1494.3100594874418,1503.7402273369987,1494.8110725978831,0.5501013110441259,0.5
2022-05-30,2022,Angel City FC,Gotham FC,0,1,1508.6628239519391,1495.3593261079677,1503.1138147725767,1500.9083352873301,0.5549009179362356,0.0
2022-05-30,2022,Kansas City Current,Racing Louisville FC,1,0,1449.8578240014788,1484.7655108371068,1455.0003684397404,1479.6229663988452,0.48574555617383225,1.0
2022-06-01,2022,Washington Spirit,Chicago Stars FC,1,1,1521.4429344177754,1521.6548612982162,1521.0868094170885,1522.0109862989032,0.5356125000686871,0.5
2022-06-04,2022,Gotham FC,Washington Spirit,1,0,1500.9083352873301,1521.0868094170885,1505.8389524063216,1516.156192298097,0.5069382881008577,1.0
2022-06-04,2022,Chicago Stars FC,Seattle Reign FC,1,0,1522.0109862989032,1518.918724528035,1526.6075848765781,1514.32212595036,0.5403401422325086,1.0
2022-06-04,2022,Portland Thorns FC,Angel City FC,3,0,1513.5330535327848,1503.1138147725767,1521.3941142200829,1495.2527540852786,0.5507965321544004,1.0
2022-06-04,2022,Houston Dash,Orlando Pride,5,0,1503.7402273369987,1473.6430548523074,1512.1675644948405,1465.2157176944656,0.578633142107913,1.0
2022-06-05,2022,Racing Louisville FC,North Carolina Courage,0,3,1479.6229663988452,1494.8110725978831,1470.6259241920209,1503.8081148047074,0.5141166975328144,0.0
2022-06-05,2022,Kansas City Current,San Diego Wave FC,2,2,1455.0003684397404,1513.9729939355166,1455.4877215932906,1513.4856407819664,0.45126468464497543,0.5
2022-06-08,2022,Angel City FC,Houston Dash,0,0,1495.2527540852786,1512.1675644948405,1495.1364198530564,1512.2838987270627,0.511633423222231,0.5
2022-06-09,2022,Chicago Stars FC,Washington Spirit,0,0,1526.6075848765781,1516.156192298097,1526.0991616046124,1516.6646155700628,0.5508423271965823,0.5
2022-06-09,2022,San Diego Wave FC,Portland Thorns FC,2,2,1513.4856407819664,1521.3941142200829,1513.239872163076,1521.6398828389733,0.5245768618890442,0.5
2022-06-11,2022,Washington Spirit,North Carolina Courage,2,3,1516.6646155700628,1503.8081148047074,1511.121962533418,1509.3507678413523,0.5542653036644771,0.0
2022-06-12,2022,Racing Louisville FC,Angel City FC,2,3,1470.6259241920209,1495.1364198530564,1465.6188796629704,1500.143464382107,0.5007044529050425,0.0
2022-06-12,2022,Kansas City Current,Gotham FC,1,0,1455.4877215932906,1505.8389524063216,1460.8519090327213,1500.474764966891,0.4635812560569216,1.0
2022-06-12,2022,San Diego Wave FC,Seattle Reign FC,1,1,1513.239872163076,1514.32212595036,1512.8962108316937,1514.6657872817423,0.5343661331382277,0.5
2022-06-12,2022,Chicago Stars FC,Orlando Pride,1,0,1526.0991616046124,1465.2157176944656,1529.8877731625005,1461.4271061365775,0.6211388442111815,1.0
2022-06-12,2022,Houston Dash,Portland Thorns FC,0,4,1512.2838987270627,1521.6398828389733,1502.487054739789,1531.436726826247,0.5224983459879261,0.0
2022-06-17,2022,Washington Spirit,Racing Louisville FC,2,2,1511.121962533418,1465.6188796629704,1510.121042742375,1466.6197994540132,0.6000919791042845,0.5
2022-06-19,2022,North Carolina Courage,Houston Dash,3,4,1509.3507678413523,1502.487054739789,1503.8934934652862,1507.9443291158552,0.5457274376066232,0.0
2022-06-19,2022,Gotham FC,San Diego Wave FC,0,3,1500.474764966891,1512.8962108316937,1491.4081183965106,1521.962857402074,0.5180940897360121,0.0
2022-06-19,2022,Kansas City Current,Chicago Stars FC,2,2,1460.8519090327213,1529.8877731625005,1461.4822642434178,1529.257417951804,0.43696447893035417,0.5
2022-06-19,2022,Seattle Reign FC,Angel City FC,1,0,1514.6657872817423,1500.143464382107,1519.0994560168922,1495.709795646957,0.556633126485003,1.0
2022-06-19,2022,Portland Thorns FC,Orlando Pride,6,0,1531.436726826247,1461.4271061365775,1539.2265399345486,1453.637293028276,0.6334205596093359,1.0
2022-07-02,2022,Houston Dash,Kansas City Current,1,2,1507.9443291158552,1461.4822642434178,1501.9301688643557,1467.4964244949174,0.6014160251499452,0.0
2022-07-02,2022,Seattle Reign FC,North Carolina Courage,2,0,1519.0994560168922,1503.8934934652862,1525.7353941645358,1497.2575553176425,0.557604123490427,1.0
2022-07-02,2022,Angel City FC,Portland Thorns FC,1,1,1495.709795646957,1539.2265399345486,1495.9760210028821,1538.9603145786234,0.4733774644074838,0.5
2022-07-02,2022,Gotham FC,Chicago Stars FC,0,3,1491.4081183965106,1529.257417951804,1482.9815744386121,1537.6839619097025,0.4815167975942042,0.0
2022-07-03,2022,San Diego Wave FC,Washington Spirit,2,1,1521.962857402074,1510.121042742375,1526.4346394052925,1505.6492607391565,0.5528217996781375,1.0
2022-07-04,2022,Orlando Pride,Racing Louisville FC,2,2,1453.637293028276,1466.6197994540132,1453.4644163317028,1466.7926761505864,0.5172876696573174,0.5
2022-07-08,2022,Orlando Pride,Houston Dash,1,0,1453.4644163317028,1501.9301688643557,1458.801603104936,1496.5929820911224,0.4662813226766794,1.0
2022-07-09,2022,Racing Louisville FC,Gotham FC,1,2,1466.7926761505864,1482.9815744386121,1461.6659013811984,1488.1083492080002,0.5126774769388012,0.0
2022-07-10,2022,Angel City FC,San Diego Wave FC,2,1,1495.9760210028821,1526.4346394052925,1501.0545703734372,1521.3560900347375,0.49214506294449,1.0
2022-07-10,2022,Washington Spirit,Kansas City Current,0,1,1505.6492607391565,1467.4964244949174,1499.750297148638,1473.3953880854358,0.5898963590518336,0.0
2022-07-10,2022,Chicago Stars FC,North Carolina Courage,2,2,1537.6839619097025,1497.2575553176425,1536.7533743353854,1498.1881428919596,0.5930587574317144,0.5
2022-07-10,2022,Seattle Reign FC,Portland Thorns FC,2,2,1525.7353941645358,1538.9603145786234,1525.5660019987001,1539.129706744459,0.5169392165835593,0.5
2022-07-16,2022,San Diego Wave FC,Racing Louisville FC,0,0,1521.3560900347375,1461.6659013811984,1520.1608793246908,1462.861112091245,0.6195210710046771,0.5
2022-07-17,2022,Houston Dash,Chicago Stars FC,4,1,1496.5929820911224,1536.7533743353854,1505.7245472214295,1527.6218092050783,0.4781962782681623,1.0
2022-07-17,2022,Portland Thorns FC,Gotham FC,5,0,1539.129706744459,1488.1083492080002,1546.9758992509812,1480.262156701478,0.6076903746738921,1.0
2022-07-17,2022,Washington Spirit,Orlando Pride,0,0,1499.750297148638,1458.801603104936,1498.8124556519995,1459.7394446015746,0.5937841496638562,0.5
2022-07-17,2022,Kansas City Current,Seattle Reign FC,1,0,1473.3953880854358,1525.5660019987001,1478.7856094757235,1520.1757806084124,0.4609778609712351,1.0
2022-07-29,2022,North Carolina Courage,Washington Spirit,3,3,1498.1881428919596,1498.8124556519995,1497.8379229907978,1499.1626755531613,0.5350219901161893,0.5
2022-07-30,2022,Racing Louisville FC,Portland Thorns FC,1,2,1462.861112091245,1546.9758992509812,1458.703726774213,1551.1332845680133,0.41573853170320635,0.0
2022-07-31,2022,Chicago Stars FC,San Diego Wave FC,0,1,1527.6218092050783,1520.1608793246908,1522.1560134222027,1525.6266751075664,0.5465795782875679,0.0
2022-07-31,2022,Angel City FC,Seattle Reign FC,2,3,1501.0545703734372,1520.1757806084124,1495.9699758610432,1525.2603751208064,0.508459451239405,0.0
2022-07-31,2022,Gotham FC,Houston Dash,2,4,1480.262156701478,1505.7245472214295,1472.7721381973197,1513.2145657255878,0.49933456694388434,0.0
2022-07-31,2022,Kansas City Current,Orlando Pride,2,2,1478.7856094757235,1459.7394446015746,1478.1551083820516,1460.3699456952465,0.563050109367189,0.5
2022-08-03,2022,Racing Louisville FC,Seattle Reign FC,1,1,1458.703726774213,1525.2603751208064,1459.2989392586883,1524.6651626363312,0.4404787515524843,0.5
2022-08-06,2022,Racing Louisville FC,Washington Spirit,1,1,1459.2989392586883,1499.1626755531613,1459.5127152144723,1498.9488995973772,0.4786224044216026,0.5
2022-08-06,2022,Portland Thorns FC,North Carolina Courage,3,3,1551.1332845680133,1497.8379229907978,1550.0252177489083,1498.9459898099028,0.6108066819104974,0.5
2022-08-07,2022,Orlando Pride,Angel City FC,2,2,1460.3699456952465,1495.9699758610432,1460.5224450782332,1495.8174764780565,0.4847500617013444,0.5
2022-08-07,2022,Seattle Reign FC,Houston Dash,1,2,1524.6651626363312,1513.2145657255878,1519.1425125406563,1518.7372158212627,0.5522650095674858,0.0
2022-08-07,2022,Chicago Stars FC,Gotham FC,2,0,1522.1560134222027,1472.7721381973197,1528.07439995217,1466.8537516673523,0.6054408980021777,1.0
2022-08-07,2022,San Diego Wave FC,Kansas City Current,1,2,1525.6266751075664,1478.1551083820516,1519.5985928905907,1484.1831905990273,0.6028082216975762,0.0
2022-08-11,2022,Washington Spirit,Portland Thorns FC,1,2,1498.9488995973772,1550.0252177489083,1494.323464929824,1554.6506524164615,0.46254346675531816,0.0
2022-08-13,2022,Houston Dash,Racing Louisville FC,0,0,1518.7372158212627,1459.5127152144723,1517.548325974421,1460.701605061314,0.6188889846841705,0.5
2022-08-14,2022,North Carolina Courage,Kansas City Current,3,4,1498.9459898099028,1484.1831905990273,1493.376242479677,1489.752937929253,0.5569747330225625,0.0
2022-08-14,2022,San Diego Wave FC,Orlando Pride,0,1,1519.5985928905907,1460.5224450782332,1513.4117175088718,1466.709320459952,0.6186875381718977,0.0
2022-08-14,2022,Seattle Reign FC,Gotham FC,4,1,1519.1425125406563,1466.8537516673523,1525.97751674834,1460.0187474596687,0.6094283309895148,1.0
2022-08-15,2022,Angel City FC,Chicago Stars FC,1,0,1495.8174764780565,1528.07439995217,1500.9218968171326,1522.969979613094,0.489557966092393,1.0
2022-08-18,2022,Houston Dash,Gotham FC,2,1,1517.548325974421,1460.0187474596687,1521.382475481929,1456.1845979521606,0.616585049249187,1.0
2022-08-20,2022,Kansas City Current,Angel City FC,1,1,1489.752937929253,1500.9218968171326,1489.5539983263075,1501.1208364200781,0.5198939602945549,0.5
2022-08-20,2022,Gotham FC,Orlando Pride,1,2,1456.1845979521606,1466.709320459952,1450.9764024131257,1471.917515998987,0.5208195539034919,0.0
2022-08-20,2022,North Carolina Courage,Chicago Stars FC,4,0,1493.376242479677,1522.969979613094,1502.8751899911658,1513.4710321016053,0.49338946605392947,1.0
2022-08-21,2022,San Diego Wave FC,Houston Dash,3,1,1513.4117175088718,1521.382475481929,1520.5444058636276,1514.2497871271732,0.5244874430162709,1.0
2022-08-24,2022,North Carolina Courage,Portland Thorns FC,3,1,1502.8751899911658,1554.6506524164615,1510.9520432527397,1546.5737991548876,0.4615431158950773,1.0
2022-08-26,2022,Orlando Pride,Seattle Reign FC,1,2,1471.917515998987,1525.97751674834,1467.3347505059319,1530.560282241395,0.4582765493055198,0.0
2022-08-27,2022,Racing Louisville FC,Chicago Stars FC,0,4,1460.701605061314,1513.4710321016053,1452.0743276007765,1522.0983095621427,0.46012146456199593,0.0
2022-08-28,2022,Houston Dash,Washington Spirit,2,2,1514.2497871271732,1494.323464929824,1513.6068249718505,1494.9664270851467,0.5642962155322809,0.5
2022-08-28,2022,Portland Thorns FC,San Diego Wave FC,0,2,1546.5737991548876,1520.5444058636276,1537.9800943642492,1529.138110654266,0.572913652709234,0.0
2022-08-28,2022,Gotham FC,Angel City FC,1,3,1450.9764024131257,1501.1208364200781,1444.0182429955967,1508.0789958376072,0.46387729450193166,0.0
2022-08-28,2022,Kansas City Current,North Carolina Courage,3,2,1489.5539983263075,1510.9520432527397,1494.5021638829883,1506.003877696059,0.5051834443319273,1.0
2022-09-04,2022,Gotham FC,North Carolina Courage,0,1,1444.0182429955967,1506.003877696059,1439.5485075400836,1510.473613151572,0.4469735455512963,0.0
2022-09-09,2022,Orlando Pride,Portland Thorns FC,0,2,1467.3347505059319,1537.9800943642492,1460.8144543252388,1544.5003905449423,0.4346864120461996,0.0
2022-09-10,2022,Seattle Reign FC,Chicago Stars FC,2,2,1530.560282241395,1522.0983095621427,1530.0802091920648,1522.578382611473,0.5480073049330282,0.5
2022-09-10,2022,Washington Spirit,San Diego Wave FC,4,3,1494.9664270851467,1529.138110654266,1500.098387570277,1524.0061501691357,0.48680395148695843,1.0
2022-09-10,2022,North Carolina Courage,Racing Louisville FC,5,1,1510.473613151572,1452.0743276007765,1517.6404646974456,1444.9074760549029,0.617767917553402,1.0
2022-09-11,2022,Gotham FC,Kansas City Current,0,1,1439.5485075400836,1494.5021638829883,1434.978510461813,1499.072160961259,0.45699970782706056,0.0
2022-09-11,2022,Houston Dash,Angel City FC,1,1,1513.6068249718505,1508.0789958376072,1513.1686213264818,1508.517199482976,0.5438203645368775,0.5
2022-09-14,2022,North Carolina Courage,Angel City FC,1,0,1517.6404646974456,1508.517199482976,1522.1509643509494,1504.0066998294722,0.5489500346496166,1.0
2022-09-15,2022,Chicago Stars FC,Kansas City Current,4,0,1522.578382611473,1499.072160961259,1530.652957048766,1490.997586523966,0.5693560300110397,1.0
2022-09-16,2022,Racing Louisville FC,Orlando Pride,2,0,1444.9074760549029,1460.8144543252388,1452.211232206854,1453.5106981732877,0.5130829232032597,1.0
2022-09-17,2022,North Carolina Courage,Seattle Reign FC,1,2,1522.1509643509494,1530.0802091920648,1516.905493935225,1535.3256796077892,0.524547041572443,0.0
2022-09-17,2022,Washington Spirit,Gotham FC,2,0,1500.098387570277,1434.978510461813,1505.695479963076,1429.381418069014,0.6268605071467361,1.0
2022-09-18,2022,Chicago Stars FC,Houston Dash,0,1,1530.652957048766,1513.1686213264818,1525.0445874745017,1518.7769909007461,0.5608369574264319,0.0
2022-09-18,2022,San Diego Wave FC,Angel City FC,1,0,1524.0061501691357,1504.0066998294722,1528.3621530457526,1499.6506969528552,0.5643997123383105,1.0
2022-09-18,2022,Kansas City Current,Portland Thorns FC,1,1,1490.997586523966,1544.5003905449423,1491.4068571037808,1544.0911199651275,0.4590729420185232,0.5
2022-09-21,2022,Gotham FC,Seattle Reign FC,0,1,1429.381418069014,1535.3256796077892,1425.5256715763169,1539.1814261004863,0.38557464926970475,0.0
2022-09-21,2022,Orlando Pride,North Carolina Courage,0,3,1453.5106981732877,1516.905493935225,1445.7237357449114,1524.6924563636012,0.444969281621504,0.0
2022-09-22,2022,Portland Thorns FC,Racing Louisville FC,3,0,1544.0911199651275,1452.211232206854,1550.0037901048834,1446.2985620670981,0.6621331348710999,1.0
2022-09-22,2022,Angel City FC,Washington Spirit,2,1,1499.6506969528552,1505.695479963076,1504.3781797830902,1500.967997132841,0.5272517169765133,1.0
2022-09-24,2022,North Carolina Courage,Gotham FC,3,0,1524.6924563636012,1425.5256715763169,1530.4420390919765,1419.7760888479415,0.6714524155214079,1.0
2022-09-25,2022,Houston Dash,Seattle Reign FC,0,2,1518.7769909007461,1539.1814261004863,1511.1777934450938,1546.7806235561386,0.5066131637101504,0.0
2022-09-25,2022,Portland Thorns FC,Chicago Stars FC,3,0,1550.0037901048834,1525.0445874745017,1557.5041920405697,1517.5441855388153,0.5714056036750607,1.0
2022-09-25,2022,Kansas City Current,Washington Spirit,3,0,1491.4068571037808,1500.967997132841,1499.7682924784722,1492.6065617581496,0.5222036928747816,1.0
2022-09-25,2022,Orlando Pride,San Diego Wave FC,2,2,1445.7237357449114,1528.3621530457526,1446.5456924936911,1527.540196296973,0.4178043251220321,0.5
2022-09-26,2022,Angel City FC,Racing Louisville FC,1,3,1504.3781797830902,1446.2985620670981,1495.1181801910009,1455.5585616591875,0.6173333061392908,0.0
2022-10-01,2022,Racing Louisville FC,Kansas City Current,1,0,1455.5585616591875,1499.7682924784722,1460.8347305502857,1494.492123587374,0.4723831108901859,1.0
2022-10-01,2022,Washington Spirit,Houston Dash,1,2,1492.6065617581496,1511.1777934450938,1487.514054902348,1516.2703003008953,0.5092506855801481,0.0
2022-10-01,2022,Gotham FC,Portland Thorns FC,3,3,1419.7760888479415,1557.5041920405697,1421.3437483172443,1555.936532571267,0.3432340530697226,0.5
2022-10-01,2022,San Diego Wave FC,North Carolina Courage,0,0,1527.540196296973,1530.4420390919765,1527.222606396916,1530.7596289920334,0.531758990005693,0.5
2022-10-02,2022,Seattle Reign FC,Orlando Pride,3,0,1546.7806235561386,1446.5456924936911,1552.506493692498,1440.8198223573318,0.6728074207794603,1.0
2022-10-02,2022,Chicago Stars FC,Angel City FC,2,0,1517.5441855388153,1495.1181801910009,1524.0267245564428,1488.6356411733734,0.5678307321581685,1.0
2022-10-16,2022,Houston Dash,Kansas City Current,1,2,1516.2703003008953,1494.492123587374,1510.6011467067947,1500.1612771814746,0.5669153594100687,0.0
2022-10-17,2022,San Diego Wave FC,Chicago Stars FC,2,1,1527.222606396916,1524.0267245564428,1531.817723504373,1519.431607448986,0.540488289254311,1.0
2022-10-23,2022,Portland Thorns FC,San Diego Wave FC,2,1,1555.936532571267,1531.817723504373,1560.2343281785586,1527.5199278970813,0.570220439270828,1.0
2022-10-23,2022,Seattle Reign FC,Kansas City Current,0,2,1552.506493692498,1500.1612771814746,1543.3639084492668,1509.3038624247058,0.6095056828820868,0.0
2022-10-30,2022,Portland Thorns FC,Kansas City Current,2,0,1560.2343281785586,1509.3038624247058,1566.1208437030903,1503.4173469001742,0.6075656316978837,1.0
2023-03-25,2023,North Carolina Courage,Kansas City Current,1,0,1515.3798144960167,1501.7086734500872,1519.8255789032369,1497.262909042867,0.5554235592779841,1.0
2023-03-26,2023,San Diego Wave FC,Chicago Stars FC,3,2,1513.7599639485406,1509.715803724493,1518.3429558185433,1505.1328118544905,0.5417008129997319,1.0
2023-03-26,2023,Washington Spirit,Seattle Reign FC,1,0,1493.757027451174,1521.6819542246335,1498.7991195366967,1516.6398621391108,0.4957907914477427,1.0
2023-03-26,2023,Portland Thorns FC,Orlando Pride,4,0,1533.060421851545,1470.4099111786659,1540.119241475084,1463.351091555127,0.6235296200779247,1.0
2023-03-26,2023,Houston Dash,Racing Louisville FC,0,0,1505.3005733533973,1480.4173652751429,1504.5875886945876,1481.1303499339526,0.571298465880969,0.5
2023-03-27,2023,Angel City FC,Gotham FC,1,2,1494.3178205866866,1460.6718741586221,1488.4817629321483,1466.5079318131604,0.5836057654538368,0.0
2023-04-01,2023,Gotham FC,Seattle Reign FC,0,2,1466.5079318131604,1516.6398621391108,1459.5495038900692,1523.598290062202,0.46389519487274816,0.0
2023-04-01,2023,Racing Louisville FC,Washington Spirit,2,2,1481.1303499339526,1498.7991195366967,1481.024860703479,1498.9046087671704,0.5105489230473741,0.5
2023-04-01,2023,Chicago Stars FC,Houston Dash,1,2,1505.1328118544905,1504.5875886945876,1499.7658475651917,1509.9545529838863,0.5366964289298808,0.0
2023-04-01,2023,Kansas City Current,Portland Thorns FC,1,4,1497.262909042867,1540.119241475084,1488.9622167512625,1548.4199337666885,0.4743252738059659,0.0
2023-04-02,2023,San Diego Wave FC,North Carolina Courage,3,1,1518.3429558185433,1519.8255789032369,1525.3360663360102,1512.83246838577,0.5337926321688802,1.0
2023-04-02,2023,Orlando Pride,Angel City FC,1,2,1463.351091555127,1488.4817629321483,1458.3529720673182,1493.479882419957,0.4998119487808603,0.0
2023-04-15,2023,Portland Thorns FC,Houston Dash,1,1,1548.4199337666885,1509.9545529838863,1547.5166183995018,1510.857868351073,0.5903315367186788,0.5
2023-04-15,2023,North Carolina Courage,Washington Spirit,1,2,1512.83246838577,1498.9046087671704,1507.2745840096159,1504.4624931433245,0.5557884376154,0.0
2023-04-15,2023,Orlando Pride,Gotham FC,0,2,1458.3529720673182,1459.5495038900692,1450.3399353614661,1467.5625405959213,0.5342024470568081,0.0
2023-04-16,2023,Chicago Stars FC,Kansas City Current,4,2,1499.7658475651917,1488.9622167512625,1506.4956883821953,1482.232375934259,0.5513439455330933,1.0
2023-04-16,2023,Angel City FC,Racing Louisville FC,2,2,1493.479882419957,1481.024860703479,1492.9429397894103,1481.5618033340256,0.5536942630546713,0.5
2023-04-16,2023,Seattle Reign FC,San Diego Wave FC,1,0,1523.598290062202,1525.3360663360102,1528.264019098233,1520.6703372999793,0.5334270963969162,1.0
2023-04-22,2023,Seattle Reign FC,Chicago Stars FC,5,2,1528.264019098233,1506.4956883821953,1535.843243834996,1498.9164636454323,0.5669014436135417,1.0
2023-04-22,2023,Washington Spirit,Houston Dash,0,0,1504.4624931433245,1510.857868351073,1504.1950066877637,1511.1253548066338,0.5267486455560874,0.5
2023-04-22,2023,Gotham FC,North Carolina Courage,1,0,1467.5625405959213,1507.2745840096159,1472.7741374657326,1502.0629871398046,0.4788403130188726,1.0
2023-04-23,2023,Portland Thorns FC,Racing Louisville FC,2,0,1547.5166183995018,1481.5618033340256,1553.0968577724816,1475.9815639610458,0.6279840418013526,1.0
2023-04-23,2023,Kansas City Current,Orlando Pride,2,0,1482.232375934259,1450.3399353614661,1488.515114340077,1444.0571969556481,0.5811507729454634,1.0
2023-04-24,2023,Angel City FC,San Diego Wave FC,0,2,1492.9429397894103,1520.6703372999793,1485.5018141880346,1528.111462901355,0.4960750400917153,0.0
2023-04-29,2023,Racing Louisville FC,Seattle Reign FC,2,2,1475.9815639610458,1535.843243834996,1476.4815868932073,1535.3432209028344,0.44999770678385526,0.5
2023-04-29,2023,Houston Dash,North Carolina Courage,0,1,1511.1253548066338,1502.0629871398046,1505.636722461526,1507.5516194849124,0.5488632345107877,0.0
2023-04-30,2023,Chicago Stars FC,Washington Spirit,1,1,1498.9164636454323,1504.1950066877637,1498.632953492639,1504.478516840557,0.5283510152793314,0.5
2023-04-30,2023,San Diego Wave FC,Orlando Pride,1,3,1528.111462901355,1444.0571969556481,1518.3317190622136,1453.8369407947896,0.6519829226094352,0.0
2023-04-30,2023,Portland Thorns FC,Angel City FC,3,3,1553.0968577724816,1485.5018141880346,1551.7949859329126,1486.8036860276036,0.6301871839569039,0.5
2023-04-30,2023,Kansas City Current,Gotham FC,2,0,1488.515114340077,1472.7741374657326,1495.1396585975695,1466.14959320824,0.5583637161671593,1.0
2023-05-06,2023,Washington Spirit,San Diego Wave FC,3,1,1504.478516840557,1518.3317190622136,1511.7379763936692,1511.0722595091013,0.5160360297925219,1.0
2023-05-06,2023,North Carolina Courage,Portland Thorns FC,3,3,1507.5516194849124,1551.7949859329126,1507.8282709522941,1551.5183344655309,0.472334853261831,0.5
2023-05-06,2023,Orlando Pride,Racing Louisville FC,1,0,1453.8369407947896,1476.4815868932073,1458.8030450466608,1471.5154826413361,0.5033895748128868,1.0
2023-05-07,2023,Seattle Reign FC,Houston Dash,2,0,1535.3432209028344,1505.636722461526,1541.671950019552,1499.3079933448084,0.578084725552157,1.0
2023-05-07,2023,Chicago Stars FC,Gotham FC,1,2,1498.632953492639,1466.14959320824,1492.8131680490053,1471.9693786518737,0.5819785443633667,0.0
2023-05-08,2023,Angel City FC,Kansas City Current,3,2,1486.8036860276036,1495.1396585975695,1491.5640551196038,1490.3792895055692,0.5239630907999819,1.0
2023-05-12,2023,Racing Louisville FC,Chicago Stars FC,3,0,1471.5154826413361,1492.8131680490053,1480.1722451380483,1484.156405552293,0.5053278573307363,1.0
2023-05-13,2023,Houston Dash,Portland Thorns FC,2,1,1499.3079933448084,1551.5183344655309,1504.6987829681982,1546.127544842141,0.4609210376610256,1.0
2023-05-14,2023,Kansas City Current,San Diego Wave FC,0,2,1490.3792895055692,1511.0722595091013,1482.7863195517161,1518.6652294629544,0.5061979969235455,0.0
2023-05-14,2023,Gotham FC,Orlando Pride,0,0,1471.9693786518737,1458.8030450466608,1471.422319710181,1459.3501039883536,0.5547058941692732,0.5
2023-05-14,2023,Angel City FC,Washington Spirit,0,1,1491.5640551196038,1511.7379763936692,1486.4946067303636,1516.8074247829095,0.5069448389240314,0.0
2023-05-14,2023,North Carolina Courage,Seattle Reign FC,1,0,1507.8282709522941,1541.671950019552,1512.9555142450001,1536.544706726846,0.48727567072939915,1.0
2023-05-20,2023,North Carolina Courage,Angel City FC,0,0,1512.9555142450001,1486.4946067303636,1512.2203008919444,1487.2298200834193,0.5735213353055758,0.5
2023-05-20,2023,Orlando Pride,Washington Spirit,2,1,1459.3501039883536,1516.8074247829095,1464.8158482830179,1511.3416804882452,0.45342557053357746,1.0
2023-05-21,2023,Kansas City Current,Racing Louisville FC,0,2,1482.7863195517161,1480.1722451380483,1474.6914738621767,1488.2670908275877,0.5396563793026282,0.0
2023-05-21,2023,Houston Dash,San Diego Wave FC,0,3,1504.6987829681982,1518.6652294629544,1495.671001546058,1527.6930108850945,0.5158732241222983,0.0
2023-05-21,2023,Portland Thorns FC,Chicago Stars FC,4,0,1546.127544842141,1484.156405552293,1553.203585586874,1477.0803648075603,0.6226111602809208,1.0
2023-05-21,2023,Seattle Reign FC,Gotham FC,1,4,1536.544706726846,1471.422319710181,1525.5745887101994,1482.3924377268277,0.626863886665527,0.0
2023-05-27,2023,Kansas City Current,Houston Dash,0,2,1474.6914738621767,1495.671001546058,1467.1046888644134,1503.2577865438213,0.5057856665175517,0.0
2023-05-27,2023,San Diego Wave FC,Portland Thorns FC,1,1,1527.6930108850945,1553.203585586874,1527.7003586404126,1553.196237831556,0.4992652244682006,0.5
2023-05-27,2023,Seattle Reign FC,Angel City FC,4,1,1525.5745887101994,1487.2298200834193,1532.74672541824,1480.0576833753787,0.590163616683391,1.0
2023-05-28,2023,Washington Spirit,Gotham FC,1,1,1511.3416804882452,1482.3924377268277,1510.571468836315,1483.1626493787578,0.5770211651930117,0.5
2023-05-28,2023,Chicago Stars FC,Orlando Pride,1,0,1477.0803648075603,1464.8158482830179,1481.54613230959,1460.3500807809883,0.5534232497970317,1.0
2023-05-28,2023,Racing Louisville FC,North Carolina Courage,1,2,1488.2670908275877,1512.2203008919444,1483.2520263550375,1517.2353653644946,0.5015064472550179,0.0
2023-06-04,2023,Gotham FC,San Diego Wave FC,0,1,1483.1626493787578,1527.7003586404126,1478.4435236127179,1532.4194844064525,0.47191257660400604,0.0
2023-06-04,2023,Kansas City Current,North Carolina Courage,1,0,1467.1046888644134,1517.2353653644946,1472.465718965762,1511.874335263146,0.46389698986513317,1.0
2023-06-04,2023,Seattle Reign FC,Portland Thorns FC,0,2,1532.74672541824,1553.196237831556,1525.1485008639022,1560.7944623858937,0.5065483036225181,0.0
2023-06-04,2023,Washington Spirit,Racing Louisville FC,1,1,1510.571468836315,1483.2520263550375,1509.824171728101,1483.9993234632516,0.574729710821418,0.5
2023-06-04,2023,Houston Dash,Orlando Pride,2,0,1503.2577865438213,1460.3500807809883,1509.3102669627604,1454.2976003620493,0.5965013054040712,1.0
2023-06-06,2023,Angel City FC,Chicago Stars FC,1,2,1480.0576833753787,1481.54613230959,1474.7198405115337,1486.883975173435,0.5337842863845074,0.0
2023-06-10,2023,Racing Louisville FC,San Diego Wave FC,0,0,1483.9993234632516,1532.4194844064525,1484.3358570988757,1532.0829507708283,0.4663466364375925,0.5
2023-06-10,2023,Washington Spirit,Angel City FC,2,1,1509.824171728101,1474.7198405115337,1513.9677274718176,1470.576284767817,0.5856444256283321,1.0
2023-06-11,2023,Houston Dash,Gotham FC,1,1,1509.3102669627604,1478.4435236127179,1508.5131382203676,1479.2406523551106,0.5797128742392657,0.5
2023-06-11,2023,Chicago Stars FC,North Carolina Courage,0,5,1486.883975173435,1511.874335263146,1476.8836977145133,1521.8746127220675,0.5000138729460772,0.0
2023-06-11,2023,Seattle Reign FC,Kansas City Current,2,1,1525.1485008639022,1472.465718965762,1529.0488200806712,1468.565399748993,0.6099680783230846,1.0
2023-06-11,2023,Orlando Pride,Portland Thorns FC,3,1,1454.2976003620493,1560.7944623858937,1463.525280595864,1551.566782152079,0.3848213177456845,1.0
2023-06-17,2023,North Carolina Courage,Orlando Pride,3,0,1521.8746127220675,1463.525280595864,1528.5648624651767,1456.8350308527547,0.6177000146794764,1.0
2023-06-17,2023,San Diego Wave FC,Angel City FC,1,2,1532.0829507708283,1470.576284767817,1525.8631235783157,1476.7961119603297,0.6219827192512642,0.0
2023-06-18,2023,Chicago Stars FC,Portland Thorns FC,2,3,1476.8836977145133,1551.566782152079,1472.5938606929806,1555.8566191736118,0.42898370215327664,0.0
2023-06-18,2023,Kansas City Current,Washington Spirit,2,3,1468.565399748993,1513.9677274718176,1463.8586758186534,1518.6744514021573,0.47067239303396546,0.0
2023-06-18,2023,Houston Dash,Seattle Reign FC,0,0,1508.5131382203676,1529.0488200806712,1508.4488950534703,1529.1130632475686,0.506424316689722,0.5
2023-06-18,2023,Racing Louisville FC,Gotham FC,2,0,1484.3358570988757,1479.2406523551106,1491.187819854146,1472.3886895998403,0.5432024829819779,1.0
2023-06-24,2023,Portland Thorns FC,Washington Spirit,4,2,1555.8566191736118,1518.6744514021573,1562.028460155594,1512.502610420175,0.5885439345345062,1.0
2023-06-24,2023,North Carolina Courage,Racing Louisville FC,1,0,1528.5648624651767,1491.187819854146,1532.6767068641716,1487.0759754551511,0.5888155601005177,1.0
2023-06-24,2023,Orlando Pride,Kansas City Current,1,2,1456.8350308527547,1463.8586758186534,1451.576560911746,1469.1171457596622,0.5258469941008872,0.0
2023-06-25,2023,San Diego Wave FC,Seattle Reign FC,1,2,1525.8631235783157,1529.1130632475686,1520.5505232997684,1534.4256635261158,0.5312600278547204,0.0
2023-06-25,2023,Gotham FC,Chicago Stars FC,2,1,1472.3886895998403,1472.5938606929806,1477.0324678689083,1467.9500824239126,0.5356221730932095,1.0
2023-06-26,2023,Angel City FC,Houston Dash,0,0,1476.7961119603297,1508.4488950534703,1476.8918415055537,1508.3531655082463,0.49042704547760585,0.5
2023-07-01,2023,Seattle Reign FC,Racing Louisville FC,2,2,1534.4256635261158,1487.0759754551511,1533.3992612503143,1488.1023777309526,0.6026402275801401,0.5
2023-07-02,2023,Chicago Stars FC,San Diego Wave FC,1,0,1467.9500824239126,1520.5505232997684,1473.346451248165,1515.154154475516,0.460363117574747,1.0
2023-07-02,2023,Washington Spirit,Orlando Pride,0,3,1512.502610420175,1451.576560911746,1501.6316706583284,1462.4475006735925,0.6211965578198065,0.0
2023-07-02,2023,North Carolina Courage,Houston Dash,1,0,1532.6767068641716,1508.3531655082463,1536.9716144887607,1504.0582578836572,0.5705092375410945,1.0
2023-07-02,2023,Portland Thorns FC,Kansas City Current,0,1,1562.028460155594,1469.1171457596622,1555.393858962801,1475.7517469524553,0.6634601192793014,0.0
2023-07-02,2023,Gotham FC,Angel City FC,0,0,1477.0324678689083,1476.8918415055537,1476.6712953243627,1477.2530140500992,0.5361172544545632,0.5
2023-07-07,2023,Orlando Pride,Seattle Reign FC,1,0,1462.4475006735925,1533.3992612503143,1468.1049704991815,1527.7417914247253,0.4342530174410894,1.0
2023-07-08,2023,Houston Dash,Chicago Stars FC,0,1,1504.0582578836572,1473.346451248165,1498.263302342386,1479.1414067894364,0.579495554127137,0.0
2023-07-08,2023,Racing Louisville FC,Kansas City Current,2,1,1488.1023777309526,1475.7517469524553,1492.5669201295966,1471.2872045538113,0.5535457601356011,1.0
2023-07-09,2023,San Diego Wave FC,Washington Spirit,2,2,1515.154154475516,1501.6316706583284,1514.6020320459572,1502.1837930878871,0.555212242955873,0.5
2023-07-09,2023,Gotham FC,Portland Thorns FC,2,1,1476.6712953243627,1555.393858962801,1482.4383218901012,1549.6268323970626,0.4232973434261487,1.0
2023-07-10,2023,Angel City FC,North Carolina Courage,2,1,1477.2530140500992,1536.9716144887607,1482.7509984125027,1531.4736301263572,0.4502015637596495,1.0
2023-08-19,2023,Kansas City Current,Seattle Reign FC,1,0,1471.2872045538113,1527.7417914247253,1476.7386397495081,1522.2903562290285,0.4548564804303234,1.0
2023-08-19,2023,Racing Louisville FC,Angel City FC,1,1,1492.5669201295966,1482.7509984125027,1492.0675491330974,1483.250369409002,0.5499370996499213,0.5
2023-08-20,2023,Houston Dash,Washington Spirit,1,1,1498.263302342386,1502.1837930878871,1497.9603154980664,1502.4867799322067,0.5302986844319513,0.5
2023-08-20,2023,Orlando Pride,Chicago Stars FC,5,0,1468.1049704991815,1479.1414067894364,1477.7032830826454,1469.5430942059725,0.5200843708268048,1.0
2023-08-20,2023,San Diego Wave FC,Gotham FC,2,1,1514.6020320459572,1482.4383218901012,1518.78672375105,1478.2536301850084,0.5815308294907151,1.0
2023-08-21,2023,Portland Thorns FC,North Carolina Courage,2,1,1549.6268323970626,1531.4736301263572,1554.0089817969715,1527.0914807264483,0.5617850600091008,1.0
2023-08-25,2023,Orlando Pride,San Diego Wave FC,1,2,1477.7032830826454,1518.78672375105,1472.934577207072,1523.5554296266234,0.47687058755733525,0.0
2023-08-27,2023,Houston Dash,Kansas City Current,1,1,1497.9603154980664,1476.7386397495081,1497.2990288352894,1477.3999264122851,0.5661286662776933,0.5
2023-08-27,2023,North Carolina Courage,Chicago Stars FC,1,1,1527.0914807264483,1469.5430942059725,1525.9253742840372,1470.7092006483836,0.6166106442411149,0.5
2023-08-27,2023,Washington Spirit,Portland Thorns FC,1,1,1502.4867799322067,1554.0089817969715,1502.8677254194324,1553.6280363097458,0.46190545127741667,0.5
2023-08-27,2023,Gotham FC,Racing Louisville FC,0,0,1478.2536301850084,1492.0675491330974,1478.0927051388926,1492.2284741792132,0.5160925046115785,0.5
2023-08-28,2023,Angel City FC,Seattle Reign FC,2,1,1483.250369409002,1522.2903562290285,1488.4523111499307,1517.0884144880997,0.4798058259071163,1.0
2023-09-02,2023,Racing Louisville FC,Portland Thorns FC,2,1,1492.2284741792132,1553.6280363097458,1497.7503978391944,1548.1061126497646,0.44780763400187323,1.0
2023-09-02,2023,Kansas City Current,Angel City FC,0,1,1477.3999264122851,1488.4523111499307,1472.1993118507157,1493.6529257115,0.5200614561569505,0.0
2023-09-02,2023,North Carolina Courage,Gotham FC,3,3,1525.9253742840372,1478.0927051388926,1524.8923161566108,1479.125763266319,0.6033058127426336,0.5
2023-09-03,2023,Washington Spirit,Chicago Stars FC,0,2,1502.8677254194324,1470.7092006483836,1494.1448719366003,1479.4320541312156,0.581523565522138,0.0
2023-09-03,2023,Seattle Reign FC,Orlando Pride,1,0,1517.0884144880997,1472.934577207072,1521.1061481918073,1468.9168435033644,0.5982266296292383,1.0
2023-09-04,2023,San Diego Wave FC,Houston Dash,1,0,1523.5554296266234,1497.2990288352894,1527.8230959766845,1493.0313624852283,0.5732333649938989,1.0
2023-09-15,2023,Racing Louisville FC,Houston Dash,0,1,1497.7503978391944,1493.0313624852283,1492.3237466063622,1498.4580137180606,0.542665123283231,0.0
2023-09-16,2023,Gotham FC,Washington Spirit,2,0,1479.125763266319,1494.1448719366003,1486.410367656757,1486.8602675461623,0.5143597073041325,1.0
2023-09-17,2023,San Diego Wave FC,Kansas City Current,1,2,1527.8230959766845,1472.1993118507157,1521.6832138868651,1478.339193940535,0.6139882089819381,0.0
2023-09-17,2023,Portland Thorns FC,Seattle Reign FC,2,0,1548.1061126497646,1521.1061481918073,1554.4919103452503,1514.7203504963215,0.5742801536342834,1.0
2023-09-17,2023,Chicago Stars FC,Angel City FC,2,2,1479.4320541312156,1493.6529257115,1479.2769797555175,1493.8080000871983,0.5155074375698258,0.5
2023-09-17,2023,Orlando Pride,North Carolina Courage,2,1,1468.9168435033644,1524.8923161566108,1474.3614390503494,1519.4477206096258,0.4555404453014983,1.0
2023-09-30,2023,Washington Spirit,Kansas City Current,2,1,1486.8602675461623,1478.339193940535,1491.37935182078,1473.8201096659175,0.5480915725382396,1.0
2023-10-01,2023,Chicago Stars FC,Racing Louisville FC,1,0,1479.2769797555175,1492.3237466063622,1484.1050267411622,1487.4956996207175,0.5171953014355313,1.0
2023-10-01,2023,Portland Thorns FC,San Diego Wave FC,0,2,1554.4919103452503,1521.6832138868651,1545.7553990753347,1530.4197251567807,0.5824340846610369,0.0
2023-10-01,2023,Gotham FC,Houston Dash,0,2,1486.410367656757,1498.4580137180606,1478.6308980773633,1506.2374832974542,0.5186313052929109,0.0
2023-10-02,2023,Seattle Reign FC,North Carolina Courage,1,1,1514.7203504963215,1519.4477206096258,1514.4289345476277,1519.7391365583196,0.5291415948693943,0.5
2023-10-03,2023,Angel City FC,Orlando Pride,0,1,1493.8080000871983,1474.3614390503494,1488.1718292816956,1479.997609855852,0.5636170805502677,0.0
2023-10-06,2023,Racing Louisville FC,Orlando Pride,3,2,1487.4956996207175,1479.997609855852,1492.029373710503,1475.4639357660665,0.5466325910214449,1.0
2023-10-07,2023,Seattle Reign FC,Washington Spirit,0,0,1514.4289345476277,1491.37935182078,1513.7418205377312,1492.0664658306764,0.5687114009896569,0.5
2023-10-07,2023,Portland Thorns FC,Gotham FC,1,0,1545.7553990753347,1478.6308980773633,1549.459842027985,1474.9264551247131,0.6295557047349857,1.0
2023-10-07,2023,North Carolina Courage,San Diego Wave FC,0,0,1519.7391365583196,1530.4197251567807,1519.5331802652097,1530.6256814498906,0.5205956293109927,0.5
2023-10-08,2023,Kansas City Current,Chicago Stars FC,6,3,1473.8201096659175,1484.1050267411622,1482.1997387322285,1475.7253976748511,0.5211640533536493,1.0
2023-10-08,2023,Houston Dash,Angel City FC,1,2,1506.2374832974542,1488.1718292816956,1500.6208734181848,1493.788439160965,0.5616609879269394,0.0
2023-10-15,2023,Angel City FC,Portland Thorns FC,5,1,1493.788439160965,1549.459842027985,1503.988915210143,1539.259365978807,0.45597461071050754,1.0
2023-10-15,2023,Chicago Stars FC,Seattle Reign FC,0,3,1475.7253976748511,1513.7418205377312,1467.3030568113636,1522.1641614012187,0.48127662077071726,0.0
2023-10-15,2023,Gotham FC,Kansas City Current,2,2,1474.9264551247131,1482.1997387322285,1474.6715683046566,1482.454625552285,0.5254886820056511,0.5
2023-10-15,2023,Orlando Pride,Houston Dash,1,0,1475.4639357660665,1500.6208734181848,1480.4661942802773,1495.618614903974,0.4997741485789248,1.0
2023-10-15,2023,San Diego Wave FC,Racing Louisville FC,2,0,1530.6256814498906,1492.029373710503,1536.7679745473608,1485.8870806130328,0.59051379350198,1.0
2023-10-15,2023,Washington Spirit,North Carolina Courage,0,1,1492.0664658306764,1519.5331802652097,1487.101964108512,1524.497681987374,0.49645017221643767,0.0
2023-10-21,2023,Seattle Reign FC,Angel City FC,1,0,1522.1641614012187,1503.988915210143,1526.545998410144,1499.6070782012177,0.5618162991074709,1.0
2023-10-22,2023,North Carolina Courage,Gotham FC,0,2,1524.497681987374,1474.6715683046566,1515.4069490286222,1483.7623012634085,0.6060488639167962,0.0
2023-11-06,2023,San Diego Wave FC,Seattle Reign FC,0,1,1536.7679745473608,1526.545998410144,1531.262818924858,1532.0511540326465,0.5505155622502684,0.0
2023-11-06,2023,Portland Thorns FC,Gotham FC,0,1,1539.259365978807,1483.7623012634085,1533.1212128911516,1489.900454351064,0.6138153087655427,0.0
2023-11-12,2023,Seattle Reign FC,Gotham FC,1,2,1532.0511540326465,1489.900454351064,1526.0966337588964,1495.854974624814,0.5954520273750141,0.0
2024-03-16,2024,Kansas City Current,Portland Thorns FC,5,4,1491.2273127761425,1516.5606064455758,1496.232109256139,1511.5558099655793,0.49952035200036543,1.0
2024-03-16,2024,Racing Louisville FC,Orlando Pride,2,2,1492.9435403065163,1490.2330971401386,1492.5455984100568,1490.6310390365982,0.5397941896459604,0.5
2024-03-16,2024,North Carolina Courage,Houston Dash,5,1,1507.703474514311,1497.809307451987,1516.1400636761664,1489.3727182901316,0.5500485780343805,1.0
2024-03-16,2024,Utah Royals,Chicago Stars FC,0,2,1499.9093981504975,1483.6515284056818,1491.5229383289557,1492.0379882272237,0.5590973214361286,0.0
2024-03-17,2024,Seattle Reign FC,Washington Spirit,1,0,1513.048316879448,1493.550982054256,1517.4114272226216,1489.1878717110826,0.5636889656826566,1.0
2024-03-17,2024,Angel City FC,Bay FC,0,1,1499.8035391006088,1500.0,1494.4471926563801,1505.3563464442286,0.5356346444228665,0.0
2024-03-23,2024,Orlando Pride,Angel City FC,1,1,1490.6310390365982,1494.4471926563801,1490.3265562012948,1494.7516754916835,0.5304482835303359,0.5
2024-03-23,2024,Utah Royals,North Carolina Courage,2,1,1491.5229383289557,1516.1400636761664,1496.517428322011,1511.145573683111,0.5005510006944521,1.0
2024-03-23,2024,Chicago Stars FC,Seattle Reign FC,2,1,1492.0379882272237,1517.4114272226216,1497.0433624443037,1512.4060530055415,0.499462578291993,1.0
2024-03-23,2024,Washington Spirit,Bay FC,2,1,1489.1878717110826,1505.3563464442286,1494.060803212504,1500.4834149428073,0.5127068498578685,1.0
2024-03-24,2024,Houston Dash,Racing Louisville FC,0,0,1489.3727182901316,1492.5455984100568,1489.0590133855785,1492.8593033146099,0.5313704904553004,0.5
2024-03-24,2024,San Diego Wave FC,Kansas City Current,1,2,1515.631409462429,1496.232109256139,1509.9959077960918,1501.8676109224762,0.5635501666337233,0.0
2024-03-24,2024,Portland Thorns FC,Gotham FC,0,1,1511.5558099655793,1497.927487312407,1506.0021830159392,1503.4811142620472,0.5553626949640077,0.0
2024-03-29,2024,Orlando Pride,Chicago Stars FC,1,1,1490.3265562012948,1497.0433624443037,1490.063682498403,1497.3062361471955,0.52628737028918,0.5
2024-03-30,2024,San Diego Wave FC,Seattle Reign FC,1,0,1509.9959077960918,1512.4060530055415,1514.671270985885,1507.7306898157483,0.532463681020687,1.0
2024-03-30,2024,Kansas City Current,Angel City FC,4,2,1501.8676109224762,1494.7516754916835,1508.676300600192,1487.9429858139677,0.5460873548189419,1.0
2024-03-30,2024,North Carolina Courage,Gotham FC,1,0,1511.145573683111,1503.4811142620472,1515.6768744534024,1498.9498134917558,0.54686992297087,1.0
2024-03-30,2024,Portland Thorns FC,Racing Louisville FC,2,2,1506.0021830159392,1492.8593033146099,1505.4554575649813,1493.4060287655677,0.5546725450957937,0.5
2024-03-31,2024,Bay FC,Houston Dash,2,3,1500.4834149428073,1489.0590133855785,1494.9611377124138,1494.581290615972,0.5522277230393369,0.0
2024-03-31,2024,Washington Spirit,Utah Royals,2,1,1494.060803212504,1496.517428322011,1498.7368324878223,1491.8413990466927,0.5323970724681689,1.0
2024-04-13,2024,Houston Dash,Washington Spirit,1,3,1494.581290615972,1498.7368324878223,1486.6318659105266,1506.6862571932677,0.5299616470296976,0.0
2024-04-13,2024,Utah Royals,Orlando Pride,0,1,1491.8413990466927,1490.063682498403,1486.456797958125,1495.4482835869708,0.5384601088567776,0.0
2024-04-13,2024,North Carolina Courage,Portland Thorns FC,2,0,1515.6768744534024,1505.4554575649813,1522.41915296878,1498.7131790496037,0.5505147656414936,1.0
2024-04-13,2024,Racing Louisville FC,San Diego Wave FC,0,0,1493.4060287655677,1514.671270985885,1493.3522833507423,1514.7250164007105,0.505374541482553,0.5
2024-04-14,2024,Chicago Stars FC,Angel City FC,0,1,1497.3062361471955,1487.9429858139677,1491.813315470428,1493.435906490735,0.5492920676767507,0.0
2024-04-14,2024,Gotham FC,Kansas City Current,1,1,1498.9498134917558,1508.676300600192,1498.7301514562878,1508.89596263566,0.5219662035468083,0.5
2024-04-15,2024,Bay FC,Seattle Reign FC,3,2,1494.9611377124138,1507.7306898157483,1499.7852000856997,1502.9066274424624,0.5175937626714021,1.0
2024-04-20,2024,Kansas City Current,Bay FC,5,2,1508.89596263566,1499.7852000856997,1516.7896488861677,1491.891513835192,0.5489322142566971,1.0
2024-04-20,2024,Racing Louisville FC,Utah Royals,5,1,1493.3522833507423,1486.456797958125,1501.8690437483483,1477.940037560519,0.545772778794346,1.0
2024-04-20,2024,Washington Spirit,Gotham FC,2,0,1506.6862571932677,1498.7301514562878,1513.4769684706073,1491.9394401789482,0.5472859148440333,1.0
2024-04-20,2024,Orlando Pride,San Diego Wave FC,1,0,1495.4482835869708,1514.7250164007105,1500.365926600526,1509.8073733871552,0.5082356986444738,1.0
2024-04-21,2024,Portland Thorns FC,Houston Dash,4,1,1498.7131790496037,1486.6318659105266,1506.5328336518944,1478.8122113082359,0.5531625941548153,1.0
2024-04-21,2024,Seattle Reign FC,Chicago Stars FC,1,2,1502.9066274424624,1491.813315470428,1497.3890634539143,1497.3308794589761,0.5517563988548153,0.0
2024-04-21,2024,Angel City FC,North Carolina Courage,2,1,1493.435906490735,1522.41915296878,1498.4932275041056,1517.3618319554096,0.4942678986629414,1.0
2024-04-26,2024,Washington Spirit,Orlando Pride,2,3,1513.4769684706073,1500.365926600526,1507.9306957292085,1505.9121993419249,0.5546272741398789,0.0
2024-04-27,2024,Angel City FC,Kansas City Current,1,3,1498.4932275041056,1516.7896488861677,1490.848537081743,1524.4343393085303,0.5096460281575014,0.0
2024-04-27,2024,North Carolina Courage,Seattle Reign FC,1,0,1517.3618319554096,1497.3890634539143,1521.7182124482804,1493.0326829610435,0.5643619507129121,1.0
2024-04-27,2024,Chicago Stars FC,Portland Thorns FC,0,2,1497.3308794589761,1506.5328336518944,1489.490086064628,1514.3736270462425,0.5227195596232102,0.0
2024-04-27,2024,Utah Royals,Houston Dash,0,0,1477.940037560519,1478.8122113082359,1477.5933673421757,1479.158881526579,0.534667021834322,0.5
2024-04-28,2024,San Diego Wave FC,Bay FC,2,1,1509.8073733871552,1491.891513835192,1514.1928865514653,1487.5060006708818,0.5614486835689865,1.0
2024-04-28,2024,Gotham FC,Racing Louisville FC,1,1,1491.9394401789482,1501.8690437483483,1491.7226956572138,1502.0857882700827,0.5216744521734359,0.5
2024-05-01,2024,Orlando Pride,North Carolina Courage,4,1,1505.9121993419249,1521.7182124482804,1514.4307071865235,1513.1997046036818,0.5132281231657877,1.0
2024-05-02,2024,Bay FC,Portland Thorns FC,2,3,1487.5060006708818,1514.3736270462425,1482.5328777160762,1519.3467500010481,0.49731229548055034,0.0
2024-05-02,2024,Chicago Stars FC,Washington Spirit,2,4,1489.490086064628,1507.9306957292085,1481.8485070628371,1515.5722747309994,0.5094386001193854,0.0
2024-05-04,2024,Utah Royals,Angel City FC,1,2,1477.5933673421757,1490.848537081743,1472.4244100007677,1496.017494423151,0.5168957341408074,0.0
2024-05-04,2024,Seattle Reign FC,San Diego Wave FC,2,1,1493.0326829610435,1514.1928865514653,1497.9774260984373,1509.2481434140716,0.5055256862606219,1.0
2024-05-04,2024,Gotham FC,North Carolina Courage,1,0,1491.7226956572138,1513.1997046036818,1496.6719974780187,1508.2504027828768,0.5050698179195119,1.0
2024-05-05,2024,Portland Thorns FC,Washington Spirit,2,1,1519.3467500010481,1515.5722747309994,1523.9335962021382,1510.9854285299093,0.5413153798909827,1.0
2024-05-05,2024,Houston Dash,Kansas City Current,1,1,1479.158881526579,1524.4343393085303,1479.4503380336942,1524.1428828014152,0.4708543492884971,0.5
2024-05-05,2024,Orlando Pride,Racing Louisville FC,1,0,1514.4307071865235,1502.0857882700827,1518.8953308428913,1497.6211646137149,0.5535376343632176,1.0
2024-05-06,2024,Bay FC,Chicago Stars FC,1,2,1482.5328777160762,1481.8485070628371,1477.1639217784805,1487.2174630004329,0.5368955937595702,0.0
2024-05-09,2024,Houston Dash,Gotham FC,0,1,1479.4503380336942,1496.6719974780187,1474.3384174130645,1501.7839180986484,0.5111920620629596,0.0
2024-05-09,2024,San Diego Wave FC,Utah Royals,2,0,1509.2481434140716,1472.4244100007677,1515.4274805438815,1466.2450728709578,0.5880441913459981,1.0
2024-05-09,2024,Seattle Reign FC,Kansas City Current,0,0,1497.9774260984373,1524.1428828014152,1497.9941983057208,1524.1261105941317,0.49832277927163915,0.5
2024-05-11,2024,Racing Louisville FC,Washington Spirit,1,2,1497.6211646137149,1510.9854285299093,1492.4537754875844,1516.1528176560398,0.516738912613052,0.0
2024-05-11,2024,Orlando Pride,Bay FC,1,0,1518.8953308428913,1477.1639217784805,1522.9466260750942,1473.1126265462776,0.5948704767797107,1.0
2024-05-12,2024,Angel City FC,Houston Dash,0,1,1496.017494423151,1474.3384174130645,1490.3497414983963,1480.0061703378192,0.566775292475467,0.0
2024-05-12,2024,Kansas City Current,North Carolina Courage,1,0,1524.1261105941317,1508.2504027828768,1528.540561003625,1503.8359523733834,0.5585549590506713,1.0
2024-05-12,2024,San Diego Wave FC,Gotham FC,1,1,1515.4274805438815,1501.7839180986484,1514.8736369659223,1502.3377616766077,0.5553843577959283,0.5
2024-05-12,2024,Portland Thorns FC,Seattle Reign FC,4,0,1523.9335962021382,1497.9941983057208,1531.9438420459817,1489.9839524618774,0.5727868883283515,1.0
2024-05-12,2024,Chicago Stars FC,Utah Royals,3,1,1487.2174630004329,1466.2450728709578,1493.7308206407322,1459.7317152306584,0.565776157313383,1.0
2024-05-18,2024,North Carolina Courage,Utah Royals,1,0,1503.8359523733834,1459.7317152306584,1507.854372351259,1455.713295252783,0.5981580022124539,1.0
2024-05-18,2024,Bay FC,San Diego Wave FC,2,1,1473.1126265462776,1514.8736369659223,1478.3536499272222,1509.6326135849777,0.4758976619055273,1.0
2024-05-18,2024,Houston Dash,Portland Thorns FC,0,2,1480.0061703378192,1531.9438420459817,1473.0865043286658,1538.863508055135,0.4613110672768879,0.0
2024-05-18,2024,Washington Spirit,Angel City FC,4,2,1516.1528176560398,1490.3497414983963,1522.5638948750188,1483.9386642794173,0.5725948520680615,1.0
2024-05-19,2024,Kansas City Current,Racing Louisville FC,3,3,1528.540561003625,1492.4537754875844,1527.6703996002952,1493.3239368909142,0.5870161403329736,0.5
2024-05-19,2024,Gotham FC,Chicago Stars FC,2,1,1502.3377616766077,1493.7308206407322,1506.8556216806949,1489.212960636645,0.5482139995912877,1.0
2024-05-19,2024,Seattle Reign FC,Orlando Pride,2,3,1489.9839524618774,1522.9466260750942,1485.0985244875446,1527.832054049427,0.4885427974332685,0.0
2024-05-24,2024,Angel City FC,San Diego Wave FC,0,0,1483.9386642794173,1509.6326135849777,1483.9486509994263,1509.6226268649687,0.49900132799910846,0.5
2024-05-24,2024,Orlando Pride,Portland Thorns FC,2,1,1527.832054049427,1538.863508055135,1532.6311387560531,1534.0644233485089,0.5200915293373801,1.0
2024-05-24,2024,Washington Spirit,Seattle Reign FC,3,2,1522.5638948750188,1485.0985244875446,1526.674508298756,1480.9879110638074,0.5889386576262834,1.0
2024-05-25,2024,Houston Dash,North Carolina Courage,3,0,1473.0865043286658,1507.854372351259,1482.082438647067,1498.8584380328577,0.4859466103770813,1.0
2024-05-25,2024,Bay FC,Gotham FC,0,2,1478.3536499272222,1506.8556216806949,1470.9292435043214,1514.2800281035957,0.4949604281933811,0.0
2024-05-25,2024,Chicago Stars FC,Racing Louisville FC,0,1,1489.212960636645,1493.3239368909142,1483.9127051234348,1498.6241924041244,0.5300255513210267,0.0
2024-05-26,2024,Utah Royals,Kansas City Current,0,1,1455.713295252783,1527.6703996002952,1451.3849775285034,1531.9987173245747,0.4328317724279467,0.0
2024-06-08,2024,Racing Louisville FC,Houston Dash,2,0,1498.6241924041244,1482.082438647067,1505.231690648214,1475.4749404029774,0.5595001170606955,1.0
2024-06-08,2024,San Diego Wave FC,Orlando Pride,1,1,1509.6226268649687,1532.6311387560531,1509.5939673611383,1532.6597982598835,0.5028659503830375,0.5
2024-06-08,2024,Gotham FC,Angel City FC,2,1,1514.2800281035957,1483.9486509994263,1518.4904099169466,1479.7382691860753,0.578961818664905,1.0
2024-06-08,2024,Chicago Stars FC,Bay FC,1,2,1483.9127051234348,1470.9292435043214,1478.3682465662932,1476.473702061463,0.5544458557141534,0.0
2024-06-08,2024,Utah Royals,Washington Spirit,0,1,1451.3849775285034,1526.674508298756,1447.1036897816714,1530.9557960455882,0.4281287746832125,0.0
2024-06-09,2024,Portland Thorns FC,North Carolina Courage,1,0,1534.0644233485089,1498.8584380328577,1538.206559165231,1494.7163022161355,0.5857864183277787,1.0
2024-06-09,2024,Kansas City Current,Seattle Reign FC,5,2,1531.9987173245747,1480.9879110638074,1538.864389171439,1474.1222392169432,0.6076758944649057,1.0
2024-06-15,2024,Kansas City Current,Chicago Stars FC,2,2,1538.864389171439,1478.3682465662932,1537.6582486898096,1479.5743870479225,0.6206140481629233,0.5
2024-06-15,2024,Racing Louisville FC,Gotham FC,0,2,1505.231690648214,1518.4904099169466,1497.478331171382,1526.2437693937786,0.5168906317888033,0.0
2024-06-15,2024,Washington Spirit,San Diego Wave FC,1,1,1530.9557960455882,1509.5939673611383,1530.292527806477,1510.2572356002495,0.5663268239111126,0.5
2024-06-15,2024,North Carolina Courage,Orlando Pride,0,0,1494.7163022161355,1532.6597982598835,1494.9024879705883,1532.4736125054308,0.4813814245547393,0.5
2024-06-16,2024,Houston Dash,Angel City FC,0,0,1475.4749404029774,1479.7382691860753,1475.1768695697358,1480.0363400193169,0.5298070833241539,0.5
2024-06-16,2024,Seattle Reign FC,Portland Thorns FC,0,0,1474.1222392169432,1538.206559165231,1474.6823470947375,1537.6464512874368,0.443989212220562,0.5
2024-06-17,2024,Bay FC,Utah Royals,0,1,1476.473702061463,1447.1036897816714,1470.6975798428275,1452.8798120003069,0.5776122218635384,0.0
2024-06-19,2024,Gotham FC,San Diego Wave FC,2,1,1526.2437693937786,1510.2572356002495,1530.6566468218145,1505.8443581722136,0.558712257196407,1.0
2024-06-20,2024,Angel City FC,Racing Louisville FC,3,2,1480.0363400193169,1497.478331171382,1484.9275886826717,1492.5870825080272,0.5108751336645039,1.0
2024-06-22,2024,Orlando Pride,Utah Royals,6,0,1532.4736125054308,1452.8798120003069,1539.9932566851776,1445.36016782056,0.6461343915413247,1.0
2024-06-22,2024,Houston Dash,San Diego Wave FC,0,0,1475.1768695697358,1505.8443581722136,1475.2584240535014,1505.762803688448,0.49184455162344765,0.5
2024-06-23,2024,Bay FC,Angel City FC,1,0,1470.6975798428275,1484.9275886826717,1475.542636836483,1480.0825316890162,0.5154943006344506,1.0
2024-06-23,2024,Portland Thorns FC,Kansas City Current,1,4,1537.6464512874368,1537.6582486898096,1528.268218145544,1547.0364818317023,0.5358990366795862,0.0
2024-06-23,2024,Gotham FC,Washington Spirit,0,2,1530.6566468218145,1530.292527806477,1522.610088925215,1538.3390857030765,0.5364371931066382,0.0
2024-06-23,2024,North Carolina Courage,Chicago Stars FC,3,1,1494.9024879705883,1479.5743870479225,1501.5358246500389,1472.941050368472,0.5577775547032954,1.0
2024-06-23,2024,Seattle Reign FC,Racing Louisville FC,1,1,1474.6823470947375,1492.5870825080272,1474.5802522218207,1492.6891773809439,0.5102094872916673,0.5
2024-06-29,2024,Kansas City Current,Houston Dash,2,0,1547.0364818317023,1475.2584240535014,1552.4997652562342,1469.7951406289694,0.6357811050312103,1.0
2024-06-29,2024,San Diego Wave FC,Chicago Stars FC,0,3,1505.762803688448,1472.941050368472,1495.569887316132,1483.1339667407879,0.5824523641323386,0.0
2024-06-29,2024,Racing Louisville FC,Bay FC,0,1,1492.6891773809439,1475.542636836483,1487.0855976664052,1481.1462165510218,0.56035797145386,0.0
2024-06-29,2024,Washington Spirit,North Carolina Courage,0,1,1538.3390857030765,1501.5358246500389,1532.458929278179,1507.4159810749363,0.5880156424897455,0.0
2024-06-30,2024,Utah Royals,Portland Thorns FC,0,0,1445.36016782056,1528.268218145544,1446.1858995540415,1527.4424864120626,0.4174268266518458,0.5
2024-06-30,2024,Gotham FC,Seattle Reign FC,1,1,1522.610088925215,1474.5802522218207,1521.5743147742032,1475.6160263728325,0.6035774151011866,0.5
2024-06-30,2024,Angel City FC,Orlando Pride,0,3,1480.0825316890162,1539.9932566851776,1472.208794628194,1547.8669937459997,0.4499278320469746,0.0
2024-07-06,2024,Kansas City Current,Orlando Pride,1,2,1552.4997652562342,1547.8669937459997,1547.0743464467805,1553.2924125554534,0.5425418809453757,0.0
2024-07-06,2024,Chicago Stars FC,Houston Dash,1,0,1483.1339667407879,1469.7951406289694,1487.5844552820643,1465.344652087693,0.5549511458723604,1.0
2024-07-06,2024,Portland Thorns FC,San Diego Wave FC,1,0,1527.4424864120626,1495.569887316132,1531.6312567053071,1491.3811170228876,0.5811229706755504,1.0
2024-07-07,2024,Angel City FC,Gotham FC,1,2,1472.208794628194,1521.5743147742032,1467.5588689306646,1526.2242404717326,0.46499256975292863,0.0
2024-07-07,2024,Bay FC,Washington Spirit,0,3,1481.1462165510218,1532.458929278179,1473.0576256543616,1540.5475201748393,0.46220519409486577,0.0
2024-07-07,2024,North Carolina Courage,Racing Louisville FC,3,1,1507.4159810749363,1487.0855976664052,1513.9429609992026,1480.558617742139,0.5648680050489125,1.0
2024-07-07,2024,Seattle Reign FC,Utah Royals,1,1,1475.6160263728325,1446.1858995540415,1474.8390599038119,1446.9628660230621,0.5776966469020586,0.5
2024-08-24,2024,Houston Dash,Orlando Pride,0,1,1465.344652087693,1553.2924125554534,1461.2407594990677,1557.3963051440787,0.4103892588625375,0.0
2024-08-24,2024,Utah Royals,Bay FC,2,1,1446.9628660230621,1473.0576256543616,1451.9786208284675,1468.0418708489563,0.4984245194594621,1.0
2024-08-24,2024,Gotham FC,Portland Thorns FC,2,0,1526.2242404717326,1531.6312567053071,1533.3017397005979,1524.553757476442,0.5281667180756517,1.0
2024-08-24,2024,San Diego Wave FC,Angel City FC,1,2,1491.3811170228876,1467.5588689306646,1485.6830968085965,1473.2568891449557,0.5698020214291166,0.0
2024-08-24,2024,Racing Louisville FC,Chicago Stars FC,3,1,1480.558617742139,1487.5844552820643,1487.6709600346762,1480.472112989527,0.525843847164182,1.0
2024-08-25,2024,Washington Spirit,Kansas City Current,4,1,1540.5475201748393,1547.0743464467805,1548.8327200021952,1538.7891466194246,0.5265600098653745,1.0
2024-08-26,2024,Seattle Reign FC,North Carolina Courage,1,0,1474.8390599038119,1513.9429609992026,1480.0419199378725,1508.740100965142,0.47971399659392977,1.0
2024-08-31,2024,Portland Thorns FC,Bay FC,1,3,1524.553757476442,1468.0418708489563,1515.3257701240736,1477.2698582013245,0.6151991568245496,0.0
2024-08-31,2024,Racing Louisville FC,Seattle Reign FC,2,3,1487.6709600346762,1480.0419199378725,1482.2027660558094,1485.5101139167393,0.5468193978866752,0.0
2024-09-01,2024,Orlando Pride,Gotham FC,2,0,1557.3963051440787,1533.3017397005979,1563.8435115785396,1526.854533266137,0.5701862377026031,1.0
2024-09-01,2024,Angel City FC,Chicago Stars FC,2,1,1473.2568891449557,1480.472112989527,1478.0011689561816,1475.7278331783011,0.5255720188774161,1.0
2024-09-01,2024,North Carolina Courage,Kansas City Current,2,1,1508.740100965142,1538.7891466194246,1513.8127574583373,1533.7164901262292,0.49273435068047167,1.0
2024-09-01,2024,Houston Dash,Utah Royals,1,3,1461.2407594990677,1451.9786208284675,1453.0035400035522,1460.215840323983,0.5491479663676991,0.0
2024-09-02,2024,San Diego Wave FC,Washington Spirit,1,1,1485.6830968085965,1548.8327200021952,1486.2299181456822,1548.2858986651095,0.44531786629143877,0.5
2024-09-07,2024,Angel City FC,Seattle Reign FC,2,3,1478.0011689561816,1485.5101139167393,1472.7496648787578,1490.761617994163,0.5251504077423846,0.0
2024-09-07,2024,Washington Spirit,Portland Thorns FC,2,1,1548.2858986651095,1515.3257701240736,1552.4594379243215,1511.1522308648616,0.5826460740787928,1.0
2024-09-07,2024,Kansas City Current,Utah Royals,1,0,1533.7164901262292,1460.215840323983,1537.335748217149,1456.5965822330631,0.6380741909080159,1.0
2024-09-08,2024,Bay FC,Racing Louisville FC,1,0,1477.2698582013245,1482.2027660558094,1481.9813902319318,1477.4912340252022,0.5288467969392745,1.0
2024-09-08,2024,Gotham FC,Houston Dash,2,1,1526.854533266137,1453.0035400035522,1530.469135288341,1449.3889379813481,0.6385397977795972,1.0
2024-09-08,2024,Chicago Stars FC,Orlando Pride,0,1,1475.7278331783011,1563.8435115785396,1471.6262793003475,1567.9450654564932,0.41015538779535843,0.0
2024-09-09,2024,San Diego Wave FC,North Carolina Courage,1,4,1486.2299181456822,1513.8127574583373,1477.5449645272668,1522.4977110767527,0.4962830639094514,0.0
2024-09-13,2024,North Carolina Courage,Bay FC,1,1,1522.4977110767527,1481.9813902319318,1521.5658744152888,1482.9132268933956,0.5931836661463966,0.5
2024-09-14,2024,Orlando Pride,Kansas City Current,0,0,1567.9450654564932,1537.335748217149,1567.1515476397713,1538.129266033871,0.5793517816721933,0.5
2024-09-14,2024,Portland Thorns FC,Chicago Stars FC,0,1,1511.1522308648616,1471.6262793003475,1505.2341590071414,1477.5443511580677,0.5918071857720263,0.0
2024-09-14,2024,Racing Louisville FC,Angel City FC,2,1,1477.4912340252022,1472.7496648787578,1482.064260868028,1468.176638035932,0.5426973157174265,1.0
2024-09-15,2024,Washington Spirit,Houston Dash,3,0,1552.4594379243215,1449.3889379813481,1558.1226040591953,1443.7257718464743,0.6763905065786436,1.0
2024-09-15,2024,Utah Royals,San Diego Wave FC,1,2,1456.5965822330631,1477.5449645272668,1451.5382774101809,1482.603269350149,0.5058304822882356,0.0
2024-09-17,2024,Seattle Reign FC,Gotham FC,0,2,1490.761617994163,1530.469135288341,1483.5789157696638,1537.6518375128403,0.47884681496662185,0.0
2024-09-21,2024,Kansas City Current,Washington Spirit,3,0,1538.129266033871,1558.1226040591953,1546.753184360088,1549.4986857329784,0.5072046670733237,1.0
2024-09-21,2024,Bay FC,Orlando Pride,0,1,1482.9132268933956,1567.1515476397713,1478.7575687747815,1571.3072057583854,0.4155658118614194,0.0
2024-09-21,2024,Racing Louisville FC,North Carolina Courage,2,1,1482.064260868028,1521.5658744152888,1487.2728347550396,1516.3573005282772,0.479142611298833,1.0
2024-09-22,2024,Houston Dash,Seattle Reign FC,1,0,1443.7257718464743,1483.5789157696638,1448.9393956442386,1478.3652919718995,0.47863762022358214,1.0
2024-09-22,2024,Chicago Stars FC,San Diego Wave FC,1,0,1477.5443511580677,1482.603269350149,1482.2576906248376,1477.8899298833792,0.5286660533230124,1.0
2024-09-22,2024,Gotham FC,Utah Royals,1,0,1537.6518375128403,1451.5382774101809,1541.105159538406,1448.0849553846151,0.6546677974434337,1.0
2024-09-24,2024,Angel City FC,Portland Thorns FC,2,2,1468.176638035932,1505.2341590071414,1468.3500900821277,1505.0607069609457,0.4826547953804217,0.5
2024-09-28,2024,Angel City FC,Washington Spirit,1,2,1468.3500900821277,1549.4986857329784,1464.1511713989266,1553.6976044161795,0.4198918683201165,0.0
2024-09-28,2024,Kansas City Current,Gotham FC,1,1,1546.753184360088,1541.105159538406,1546.3132642979106,1541.5450796005834,0.5439920062177361,0.5
2024-09-28,2024,Utah Royals,Racing Louisville FC,1,0,1448.0849553846151,1487.2728347550396,1453.2890219619762,1482.0687681776785,0.4795933422638798,1.0
2024-09-28,2024,Orlando Pride,Houston Dash,3,1,1571.3072057583854,1448.9393956442386,1575.8039951567869,1444.4426062458372,0.7002140401065685,1.0
2024-09-29,2024,Chicago Stars FC,North Carolina Courage,1,3,1482.2576906248376,1516.3573005282772,1474.9540765926097,1523.660914560505,0.48690760214851875,0.0
2024-09-29,2024,Seattle Reign FC,Bay FC,0,1,1478.3652919718995,1478.7575687747815,1473.0117493437856,1484.1111114028954,0.5353542628113906,0.0
2024-09-29,2024,San Diego Wave FC,Portland Thorns FC,2,0,1477.8899298833792,1505.0607069609457,1485.4367892636765,1497.5138475806484,0.4968760413135073,1.0
2024-10-05,2024,Houston Dash,Chicago Stars FC,0,2,1444.4426062458372,1474.9540765926097,1437.061570918291,1482.335111920156,0.492069021836418,0.0
2024-10-05,2024,Seattle Reign FC,Angel City FC,0,1,1473.0117493437856,1464.1511713989266,1467.5259934147286,1469.6369273279836,0.5485755929056954,0.0
2024-10-05,2024,North Carolina Courage,San Diego Wave FC,2,1,1523.660914560505,1485.4367892636765,1527.7609582383695,1481.336745585812,0.5899956322135437,1.0
2024-10-05,2024,Gotham FC,Bay FC,5,1,1541.5450796005834,1484.1111114028954,1548.736549712505,1476.919641290974,0.6164549273641842,1.0
2024-10-05,2024,Racing Louisville FC,Kansas City Current,0,2,1482.0687681776785,1546.3132642979106,1475.4123441085662,1552.9696883670229,0.4437616046074928,0.0
2024-10-06,2024,Portland Thorns FC,Utah Royals,1,2,1497.5138475806484,1453.2890219619762,1491.530599147169,1459.2722703954557,0.5983248433479539,0.0
2024-10-06,2024,Orlando Pride,Washington Spirit,2,0,1575.8039951567869,1553.6976044161795,1582.2933074762618,1547.2082920967046,0.5673791787016643,1.0
2024-10-12,2024,Portland Thorns FC,Orlando Pride,2,0,1491.530599147169,1582.2933074762618,1500.4334874281592,1573.3904191952715,0.4064741146006527,1.0
2024-10-12,2024,Chicago Stars FC,Gotham FC,0,2,1482.335111920156,1548.736549712505,1475.7246274624533,1555.3470341702075,0.4406989638468405,0.0
2024-10-12,2024,North Carolina Courage,Angel City FC,1,1,1527.7609582383695,1469.6369273279836,1526.58702123523,1470.8108643311232,0.6173937003139636,0.5
2024-10-13,2024,Bay FC,Kansas City Current,0,1,1476.919641290974,1552.9696883670229,1472.6490687265855,1557.2402609314113,0.4270572564388457,0.0
2024-10-13,2024,Utah Royals,Seattle Reign FC,3,0,1459.2722703954557,1467.5259934147286,1467.6008496719953,1459.197414138189,0.5240811841977324,1.0
2024-10-13,2024,Washington Spirit,Racing Louisville FC,4,1,1547.2082920967046,1475.4123441085662,1553.5817054348145,1469.0389307704563,0.6358049521080087,1.0
2024-10-14,2024,San Diego Wave FC,Houston Dash,0,2,1481.336745585812,1437.061570918291,1472.3608281243064,1446.0374883797965,0.5983944974337078,0.0
2024-10-19,2024,Racing Louisville FC,Portland Thorns FC,1,0,1469.0389307704563,1500.4334874281592,1474.1309454485952,1495.3414727500203,0.4907985321861067,1.0
2024-10-19,2024,Seattle Reign FC,Houston Dash,2,1,1459.197414138189,1446.0374883797965,1463.6504463090926,1441.584456208893,0.5546967829096426,1.0
2024-10-19,2024,Kansas City Current,San Diego Wave FC,4,1,1557.2402609314113,1472.3608281243064,1563.3117120983786,1466.289376957339,0.6530599333161549,1.0
2024-10-20,2024,Bay FC,North Carolina Courage,1,0,1472.6490687265855,1526.58702123523,1478.0645589976964,1521.171530964119,0.458450972888901,1.0
2024-10-20,2024,Gotham FC,Orlando Pride,3,1,1555.3470341702075,1573.3904191952715,1562.6968836296317,1566.0405697358474,0.5100100360383867,1.0
2024-10-20,2024,Washington Spirit,Chicago Stars FC,2,0,1553.5817054348145,1475.7246274624533,1558.924027161771,1470.3823057354969,0.6438452182029051,1.0
2024-10-20,2024,Angel City FC,Utah Royals,1,1,1470.8108643311232,1467.6008496719953,1470.4057793852905,1468.005934617828,0.5405084945832667,0.5
2024-11-02,2024,Utah Royals,Gotham FC,1,4,1468.005934617828,1562.6968836296317,1460.987901525355,1569.7149167221046,0.4010304624270255,0.0
2024-11-02,2024,Portland Thorns FC,Angel City FC,3,0,1495.3414727500203,1470.4057793852905,1502.8424546857011,1462.9047974496098,0.571372460818244,1.0
2024-11-02,2024,Orlando Pride,Seattle Reign FC,3,2,1566.0405697358474,1463.6504463090926,1569.2852434069396,1460.4057726380004,0.6755326328907738,1.0
2024-11-02,2024,North Carolina Courage,Washington Spirit,0,1,1521.171530964119,1558.924027161771,1516.354971765291,1563.7405863605989,0.481655919882781,0.0
2024-11-03,2024,Chicago Stars FC,Kansas City Current,1,3,1470.3823057354969,1563.3117120983786,1464.3302763066447,1569.3637415272308,0.4034686285901392,0.0
2024-11-03,2024,Houston Dash,Bay FC,2,3,1441.584456208893,1478.0645589976964,1436.749608068691,1482.8994071378984,0.48348481402019416,0.0
2024-11-03,2024,San Diego Wave FC,Racing Louisville FC,3,1,1466.289376957339,1474.1309454485952,1473.4192832727426,1467.0010391331916,0.5246729123064334,1.0
2024-11-09,2024,Kansas City Current,North Carolina Courage,1,0,1569.3637415272308,1516.354971765291,1573.259597253129,1512.459116039393,0.6104144274101835,1.0
2024-11-09,2024,Orlando Pride,Chicago Stars FC,4,1,1569.2852434069396,1464.3302763066447,1574.9069364308098,1458.7085832827745,0.6787603986359877,1.0
2024-11-10,2024,Gotham FC,Portland Thorns FC,2,1,1569.7149167221046,1502.8424546857011,1573.4227439214849,1499.1346274863208,0.6292172800619662,1.0
2024-11-10,2024,Washington Spirit,Bay FC,2,1,1563.7405863605989,1482.8994071378984,1567.2628419143907,1479.3771515841065,0.6477744446208135,1.0
2024-11-16,2024,Washington Spirit,Gotham FC,1,1,1567.2628419143907,1573.4227439214849,1566.9919765485135,1573.693609287362,0.5270865365877245,0.5
2024-11-17,2024,Orlando Pride,Kansas City Current,3,2,1574.9069364308098,1573.259597253129,1579.5242005757514,1568.6423331081874,0.5382735855058308,1.0
2024-11-24,2024,Orlando Pride,Washington Spirit,1,0,1579.5242005757514,1566.9919765485135,1583.9861597535992,1562.5300173706657,0.5538040822152248,1.0
2025-03-15,2025,Houston Dash,Washington Spirit,1,2,1468.3748040343455,1531.2650086853328,1463.917936390637,1535.7218763290414,0.4456867643708639,0.0
2025-03-15,2025,Orlando Pride,Chicago Stars FC,6,0,1541.9930798767996,1479.3542916413871,1549.993412057868,1471.3539594603187,0.6235137797144279,1.0
2025-03-15,2025,Kansas City Current,Portland Thorns FC,3,1,1534.3211665540937,1499.5673137431604,1540.5438451446548,1493.3446351525993,0.5851547606292615,1.0
2025-03-15,2025,Utah Royals,Bay FC,1,1,1480.4939507626775,1489.6885757920531,1480.2666499091804,1489.9158766455503,0.5227300853497221,0.5
2025-03-16,2025,Racing Louisville FC,North Carolina Courage,1,1,1483.5005195665958,1506.2295580196965,1483.4678382682396,1506.2622393180527,0.5032681298356153,0.5
2025-03-16,2025,Seattle Reign FC,Gotham FC,1,1,1480.2028863190003,1536.846804643681,1480.6570238690547,1536.3926670936266,0.4545862449945652,0.5
2025-03-16,2025,Angel City FC,San Diego Wave FC,1,1,1481.4523987248049,1486.7096416363713,1481.1685830250938,1486.9934573360824,0.5283815699711009,0.5
2025-03-22,2025,Portland Thorns FC,Angel City FC,1,1,1493.3446351525993,1481.1685830250938,1492.8116612598653,1481.7015569178277,0.5532973892733907,0.5
2025-03-22,2025,North Carolina Courage,Seattle Reign FC,1,2,1506.2622393180527,1480.6570238690547,1500.5390784477806,1486.3801847393268,0.5723160870271978,0.0
2025-03-22,2025,Washington Spirit,Kansas City Current,0,2,1535.7218763290414,1540.5438451446548,1527.7867875785946,1548.4789338951016,0.5290059166964528,0.0
2025-03-23,2025,Gotham FC,Orlando Pride,0,2,1536.3926670936266,1549.993412057868,1528.6466826522726,1557.739396499222,0.5163989627569356,0.0
2025-03-23,2025,Chicago Stars FC,Houston Dash,1,2,1471.3539594603187,1463.917936390637,1465.8885190068859,1469.3833768440697,0.5465440453432896,0.0
2025-03-23,2025,San Diego Wave FC,Utah Royals,3,2,1486.9934573360824,1480.2666499091804,1491.53813678236,1475.7219704629028,0.5455320553722408,1.0
2025-03-23,2025,Bay FC,Racing Louisville FC,2,0,1489.9158766455503,1483.4678382682396,1496.7388640605052,1476.6448508532847,0.5451341723363374,1.0
2025-03-29,2025,Houston Dash,Gotham FC,0,0,1469.3833768440697,1528.6466826522726,1469.8748731419125,1528.1551863544298,0.45085037021571356,0.5
2025-03-29,2025,Washington Spirit,Bay FC,2,0,1527.7867875785946,1496.7388640605052,1534.0872831003446,1490.4383685387552,0.5799669652166736,1.0
2025-03-29,2025,Orlando Pride,San Diego Wave FC,2,1,1557.739396499222,1491.53813678236,1561.4562424333503,1487.8212908482317,0.6283154065871657,1.0
2025-03-29,2025,Kansas City Current,Utah Royals,3,0,1548.4789338951016,1475.7219704629028,1554.8299468836997,1469.3709574743048,0.637084972080104,1.0
2025-03-30,2025,Portland Thorns FC,North Carolina Courage,0,0,1492.8116612598653,1500.5390784477806,1492.56329339428,1500.787446313366,0.5248367865585328,0.5
2025-03-30,2025,Chicago Stars FC,Racing Louisville FC,0,1,1465.8885190068859,1476.6448508532847,1460.6836509070101,1481.8497189531604,0.5204868099875744,0.0
2025-03-31,2025,Angel City FC,Seattle Reign FC,2,1,1481.7015569178277,1486.3801847393268,1486.4094418996924,1481.672299757462,0.5292115018135246,1.0
2025-04-12,2025,Utah Royals,Portland Thorns FC,0,1,1469.3709574743048,1492.56329339428,1464.3449433317642,1497.5893075368206,0.5026014142540685,0.0
2025-04-12,2025,Houston Dash,Angel City FC,1,3,1469.8748731419125,1486.4094418996924,1462.1921682733446,1494.0921467682604,0.5121803245712001,0.0
2025-04-12,2025,Racing Louisville FC,Washington Spirit,0,2,1481.8497189531604,1534.0872831003446,1474.9364874511389,1541.0005146023661,0.46088210013476993,0.0
2025-04-12,2025,Seattle Reign FC,Orlando Pride,0,1,1481.672299757462,1561.4562424333503,1477.45423430552,1565.6743078852924,0.4218065451942122,0.0
2025-04-13,2025,Gotham FC,North Carolina Courage,3,1,1528.1551863544298,1500.787446313366,1534.53322141608,1494.4094112517157,0.5747976625566501,1.0
2025-04-13,2025,Bay FC,Chicago Stars FC,1,2,1490.4383685387552,1460.6836509070101,1484.6568442921653,1466.4651751536,0.5781524246589925,0.0
2025-04-13,2025,San Diego Wave FC,Kansas City Current,0,2,1487.8212908482317,1554.8299468836997,1481.223727177501,1561.4275105544305,0.43983757804872187,0.0
2025-04-19,2025,Utah Royals,Chicago Stars FC,1,0,1464.3449433317642,1466.4651751536,1469.016152146691,1461.7939663386733,0.5328791185073245,1.0
2025-04-19,2025,Seattle Reign FC,Portland Thorns FC,1,0,1477.45423430552,1497.5893075368206,1482.3842269567313,1492.6593148856093,0.507000734878869,1.0
2025-04-19,2025,Angel City FC,Gotham FC,0,4,1494.0921467682604,1534.53322141608,1485.1335256513532,1543.4918425329872,0.4777931262350501,0.0
2025-04-19,2025,Racing Louisville FC,San Diego Wave FC,1,4,1474.9364874511389,1481.223727177501,1465.7156706526264,1490.4445439760134,0.5269038170578536,0.0
2025-04-19,2025,Orlando Pride,Washington Spirit,0,1,1565.6743078852924,1541.0005146023661,1559.9642759204105,1546.710546567248,0.5710031964881794,0.0
2025-04-19,2025,North Carolina Courage,Bay FC,0,1,1494.4094112517157,1484.6568442921653,1488.9109429253406,1490.1553126185404,0.5498468326375189,0.0
2025-04-19,2025,Kansas City Current,Houston Dash,2,0,1561.4275105544305,1462.1921682733446,1566.354418493485,1457.2652603342901,0.6715394707297071,1.0
2025-04-23,2025,Portland Thorns FC,Gotham FC,4,1,1492.6593148856093,1543.4918425329872,1502.0586986056016,1534.092458812995,0.4628923588575835,1.0
2025-04-26,2025,Houston Dash,Utah Royals,1,0,1457.2652603342901,1469.016152146691,1462.074682710979,1464.206729770002,0.5190577623311239,1.0
2025-04-26,2025,Orlando Pride,Angel City FC,3,2,1559.9642759204105,1485.1335256513532,1563.5658707917719,1481.5319307799919,0.6398405128638507,1.0
2025-04-26,2025,Washington Spirit,Gotham FC,0,3,1546.710546567248,1534.092458812995,1537.01683778821,1543.7861675920328,0.5539262159450294,0.0
2025-04-26,2025,North Carolina Courage,Kansas City Current,3,2,1488.9109429253406,1566.354418493485,1494.659985046892,1560.6053763719335,0.42509578784485613,1.0
2025-04-26,2025,Chicago Stars FC,San Diego Wave FC,0,3,1461.7939663386733,1490.4445439760134,1453.1359010172403,1499.1026092974464,0.4947465897961766,0.0
2025-04-27,2025,Portland Thorns FC,Racing Louisville FC,3,3,1502.0586986056016,1465.7156706526264,1501.1849617247142,1466.5894075335138,0.58737368808875,0.5
2025-04-27,2025,Bay FC,Seattle Reign FC,1,1,1490.1553126185404,1482.3842269567313,1489.6850924413566,1482.854447133915,0.5470220177183823,0.5
2025-05-03,2025,Washington Spirit,Angel City FC,3,4,1537.01683778821,1481.5319307799919,1530.8788505994924,1487.6699179687096,0.6137987188717671,0.0
2025-05-03,2025,Houston Dash,Racing Louisville FC,1,2,1462.074682710979,1466.5894075335138,1456.780217055051,1471.8838731894418,0.5294465655927877,0.0
2025-05-03,2025,Seattle Reign FC,Kansas City Current,1,0,1482.854447133915,1560.6053763719335,1488.6078139953108,1554.8520095105378,0.42466331386043443,1.0
2025-05-03,2025,Portland Thorns FC,Orlando Pride,1,0,1501.1849617247142,1563.5658707917719,1506.720850064328,1558.029982452158,0.4464111660386251,1.0
2025-05-04,2025,Utah Royals,North Carolina Courage,0,2,1464.206729770002,1494.659985046892,1456.8244380820086,1502.0422767348855,0.4921527791995652,0.0
2025-05-04,2025,Gotham FC,Chicago Stars FC,0,0,1543.7861675920328,1453.1359010172403,1542.180689366513,1454.74137924276,0.6605478225519948,0.5
2025-05-05,2025,San Diego Wave FC,Bay FC,2,1,1499.1026092974464,1489.6850924413566,1503.608915264552,1485.178786474251,0.549369403289446,1.0
2025-05-10,2025,Racing Louisville FC,Gotham FC,1,0,1471.8838731894418,1542.180689366513,1477.5320782934687,1536.5324842624862,0.4351794895973111,1.0
2025-05-10,2025,Angel City FC,Utah Royals,2,0,1487.6699179687096,1456.8244380820086,1493.9746722018106,1450.5196838489076,0.5796830511265977,1.0
2025-05-10,2025,Chicago Stars FC,Washington Spirit,2,3,1454.74137924276,1530.8788505994924,1450.4720379932942,1535.1481918489583,0.4269341249465926,0.0
2025-05-10,2025,North Carolina Courage,Orlando Pride,1,1,1502.0422767348855,1558.029982452158,1502.4870469373245,1557.585212249719,0.45552297975610184,0.5
2025-05-11,2025,San Diego Wave FC,Portland Thorns FC,1,1,1503.608915264552,1506.720850064328,1503.294336748502,1507.035428580378,0.5314578516050069,0.5
2025-05-11,2025,Kansas City Current,Bay FC,4,1,1554.8520095105378,1485.178786474251,1561.2750205204718,1478.755775464317,0.6329707994323389,1.0
2025-05-12,2025,Seattle Reign FC,Houston Dash,0,1,1488.6078139953108,1456.780217055051,1482.7972148867555,1462.5908161636064,0.5810599108555269,0.0
2025-05-16,2025,Gotham FC,San Diego Wave FC,0,1,1536.5324842624862,1503.294336748502,1530.702132336262,1509.1246886747263,0.5830351926224201,0.0
2025-05-17,2025,North Carolina Courage,Chicago Stars FC,2,0,1502.4870469373245,1450.4720379932942,1508.3512493017752,1444.6078356288435,0.6090531757032888,1.0
2025-05-17,2025,Racing Louisville FC,Seattle Reign FC,0,1,1477.5320782934687,1482.7972148867555,1472.2483758270926,1488.0809173531316,0.5283702466376183,0.0
2025-05-17,2025,Washington Spirit,Utah Royals,3,3,1535.1481918489583,1450.5196838489076,1533.620865943435,1452.0470097544307,0.6527325905523262,0.5
2025-05-17,2025,Houston Dash,Portland Thorns FC,1,4,1462.5908161636064,1507.035428580378,1454.3300088367953,1515.2962359071892,0.47204613296063225,0.0
2025-05-17,2025,Orlando Pride,Kansas City Current,0,1,1557.585212249719,1561.2750205204718,1552.2789179416827,1566.581314828508,0.530629430803623,0.0
2025-05-18,2025,Bay FC,Angel City FC,2,0,1478.755775464317,1493.9746722018106,1486.044689140364,1486.6857585257635,0.5140724215968688,1.0
2025-05-24,2025,Utah Royals,Orlando Pride,1,3,1452.0470097544307,1552.2789179416827,1446.1461063534946,1558.1798213426189,0.3933935600624106,0.0
2025-05-24,2025,Seattle Reign FC,Washington Spirit,1,2,1488.0809173531316,1533.620865943435,1483.3761670864599,1538.3256162101068,0.4704750266671647,0.0
2025-05-24,2025,Chicago Stars FC,Kansas City Current,1,3,1444.6078356288435,1566.581314828508,1439.1484590192222,1572.0406914381294,0.363958440641425,0.0
2025-05-25,2025,Houston Dash,Bay FC,2,2,1454.3300088367953,1486.044689140364,1454.4266288249084,1485.9480691522508,0.4903380011886783,0.5
2025-05-25,2025,Angel City FC,Racing Louisville FC,2,3,1486.6857585257635,1472.2483758270926,1481.1206339997477,1477.8135003531083,0.5565124526015671,0.0
2025-05-26,2025,San Diego Wave FC,North Carolina Courage,5,2,1509.1246886747263,1508.3512493017752,1517.2267848871177,1500.2491530893838,0.5370230735776326,1.0
2025-06-07,2025,Racing Louisville FC,Utah Royals,3,2,1477.8135003531083,1446.1461063534946,1482.0051463226373,1441.9544603839656,0.5808354030471072,1.0
2025-06-07,2025,San Diego Wave FC,Seattle Reign FC,1,2,1517.2267848871177,1483.3761670864599,1511.3878644111903,1489.2150875623872,0.5838920475927362,0.0
2025-06-07,2025,Gotham FC,Kansas City Current,1,2,1530.702132336262,1572.0406914381294,1525.9370899285211,1576.8057338458702,0.4765042407740708,0.0
2025-06-07,2025,Orlando Pride,Houston Dash,1,0,1558.1798213426189,1454.4266288249084,1561.4073202427599,1451.1991299247675,0.6772501099859138,1.0
2025-06-07,2025,Bay FC,Portland Thorns FC,1,0,1485.9480691522508,1515.2962359071892,1491.0106410351896,1510.2336640242504,0.49374281170613515,1.0
2025-06-08,2025,Washington Spirit,North Carolina Courage,3,1,1538.3256162101068,1500.2491530893838,1544.4787662405652,1494.0960030589254,0.5897899979694398,1.0
2025-06-08,2025,Angel City FC,Chicago Stars FC,2,2,1481.1206339997477,1439.1484590192222,1480.1685895136034,1440.1005035053665,0.5952044486144408,0.5
2025-06-14,2025,Houston Dash,San Diego Wave FC,2,3,1451.1991299247675,1511.3878644111903,1446.7038120399063,1515.8831822960515,0.4495317884861081,0.0
2025-06-14,2025,Utah Royals,Gotham FC,0,3,1441.9544603839656,1525.9370899285211,1434.675802069727,1533.2157482427597,0.4159233322422023,0.0
2025-06-14,2025,Bay FC,Orlando Pride,0,1,1491.0106410351896,1561.4073202427599,1486.6602590772688,1565.7577022006806,0.43503819579207004,0.0
2025-06-14,2025,Chicago Stars FC,Seattle Reign FC,2,2,1440.1005035053665,1489.2150875623872,1440.4469840688123,1488.8686069989415,0.46535194365543,0.5
2025-06-14,2025,Kansas City Current,Racing Louisville FC,4,2,1576.8057338458702,1482.0051463226373,1581.8174725968072,1476.9934075717003,0.6658840832708657,1.0
2025-06-15,2025,Angel City FC,North Carolina Courage,1,2,1480.1685895136034,1494.0960030589254,1475.0092961112189,1499.2552964613099,0.515929340238453,0.0
2025-06-15,2025,Portland Thorns FC,Washington Spirit,2,0,1510.2336640242504,1544.4787662405652,1517.9331885080599,1536.7792417567557,0.48669836774603165,1.0
2025-06-21,2025,Kansas City Current,Angel City FC,1,0,1581.8174725968072,1475.0092961112189,1585.0066522445702,1471.8201164634559,0.6810820352237095,1.0
2025-06-21,2025,Racing Louisville FC,Orlando Pride,2,0,1476.9934075717003,1565.7577022006806,1485.8546216184402,1556.8964881539407,0.4092523968840065,1.0
2025-06-21,2025,Utah Royals,Seattle Reign FC,1,4,1434.675802069727,1488.8686069989415,1426.6592836710888,1496.8851253975797,0.45808676563647277,0.0
2025-06-21,2025,Gotham FC,Bay FC,2,1,1533.2157482427597,1486.6602590772688,1537.2002988911345,1482.675708428894,0.6015449351625207,1.0
2025-06-21,2025,North Carolina Courage,Houston Dash,2,1,1499.2552964613099,1446.7038120399063,1503.157413950214,1442.8016945510021,0.609788251109586,1.0
2025-06-22,2025,Portland Thorns FC,Chicago Stars FC,1,0,1517.9331885080599,1440.4469840688123,1521.4996333814581,1436.880539195414,0.6433555126601741,1.0
2025-06-23,2025,San Diego Wave FC,Washington Spirit,0,0,1515.8831822960515,1536.7792417567557,1515.8241245907839,1536.8382994620233,0.5059057705267649,0.5
2025-08-02,2025,North Carolina Courage,San Diego Wave FC,0,0,1503.157413950214,1515.8241245907839,1502.9799981638087,1516.0015403771893,0.5177415786405279,0.5
2025-08-02,2025,Seattle Reign FC,Angel City FC,2,0,1496.8851253975797,1471.8201164634559,1503.3118040096924,1465.3934378513432,0.5715547591924902,1.0
2025-08-02,2025,Racing Louisville FC,Kansas City Current,0,2,1485.8546216184402,1585.0066522445702,1479.9314522158527,1590.9298216471577,0.39487796017250815,0.0
2025-08-02,2025,Chicago Stars FC,Gotham FC,1,1,1436.880539195414,1537.2002988911345,1437.947810340492,1536.1330277460565,0.39327288549221173,0.5
2025-08-03,2025,Bay FC,Houston Dash,2,2,1482.675708428894,1442.8016945510021,1481.7527973188803,1443.7246056610159,0.5922911110013783,0.5
2025-08-03,2025,Washington Spirit,Portland Thorns FC,2,1,1536.8382994620233,1521.4996333814581,1541.2603739009255,1517.077558942556,0.5577925561097782,1.0
2025-08-03,2025,Orlando Pride,Utah Royals,1,1,1556.8964881539407,1426.6592836710888,1554.8001274778633,1428.7556443471663,0.7096360676077448,0.5
2025-08-09,2025,Houston Dash,North Carolina Courage,2,1,1443.7246056610159,1502.9799981638087,1449.215989177396,1497.4886146474284,0.450861648361985,1.0
2025-08-09,2025,Utah Royals,Kansas City Current,0,1,1428.7556443471663,1590.9298216471577,1425.6331804007489,1594.052285593575,0.3122463946417281,0.0
2025-08-09,2025,Gotham FC,Washington Spirit,0,0,1536.1330277460565,1541.2603739009255,1535.847348744572,1541.54605290241,0.528567900148454,0.5
2025-08-09,2025,Orlando Pride,Racing Louisville FC,1,1,1554.8001274778633,1479.9314522158527,1553.4012192721348,1481.3303604215812,0.6398908205728498,0.5
2025-08-10,2025,San Diego Wave FC,Angel City FC,1,1,1516.0015403771893,1465.3934378513432,1514.9303094140255,1466.464668814507,0.6071230963163669,0.5
2025-08-10,2025,Chicago Stars FC,Bay FC,1,1,1437.947810340492,1481.7527973188803,1438.2181718983763,1481.482435760996,0.4729638442115533,0.5
2025-08-10,2025,Portland Thorns FC,Seattle Reign FC,4,2,1517.077558942556,1503.3118040096924,1523.744188304601,1496.6451746476473,0.5555580425303293,1.0
2025-08-16,2025,Kansas City Current,Orlando Pride,0,0,1594.052285593575,1553.4012192721348,1593.1185772760414,1554.3349275896685,0.5933708317533698,0.5
2025-08-16,2025,North Carolina Courage,Portland Thorns FC,1,1,1497.4886146474284,1523.744188304601,1497.5066837261827,1523.7261192258468,0.4981930921245807,0.5
2025-08-16,2025,Washington Spirit,Racing Louisville FC,2,2,1541.54605290241,1481.3303604215812,1540.343714303024,1482.5326990209674,0.6202338599386208,0.5
2025-08-16,2025,Utah Royals,Angel City FC,0,0,1425.6331804007489,1466.464668814507,1425.8608562789757,1466.23699293628,0.4772324121773294,0.5
2025-08-17,2025,Bay FC,San Diego Wave FC,1,2,1481.482435760996,1514.9303094140255,1476.603986482325,1519.8087586926965,0.4878449278671096,0.0
2025-08-17,2025,Gotham FC,Houston Dash,1,2,1535.847348744572,1449.215989177396,1529.2939351922996,1455.7694027296684,0.6553413552272274,0.0
2025-08-19,2025,Seattle Reign FC,Chicago Stars FC,3,3,1496.6451746476473,1438.2181718983763,1495.467118725502,1439.3962278205217,0.6178055922145311,0.5
2025-08-22,2025,Angel City FC,Orlando Pride,1,0,1466.23699293628,1554.3349275896685,1472.13519194791,1548.4367285780386,0.4101800988370174,1.0
2025-08-23,2025,Bay FC,Washington Spirit,2,3,1476.603986482325,1540.343714303024,1472.1591969689111,1544.7885038164377,0.4444789513413709,0.0
2025-08-23,2025,Gotham FC,Utah Royals,0,0,1529.2939351922996,1425.8608562789757,1527.5254632733415,1427.6293281979338,0.6768471918958016,0.5
2025-08-23,2025,Chicago Stars FC,North Carolina Courage,3,3,1439.3962278205217,1497.5066837261827,1439.871288287085,1497.0316232596194,0.45249395334367337,0.5
2025-08-24,2025,Portland Thorns FC,Kansas City Current,0,2,1523.7261192258468,1593.1185772760414,1517.1792264111925,1599.6654700906956,0.4364595209769448,0.0
2025-08-24,2025,Houston Dash,Seattle Reign FC,1,1,1455.7694027296684,1495.467118725502,1455.9807937802716,1495.2557276748987,0.47886089493968564,0.5
2025-08-25,2025,San Diego Wave FC,Racing Louisville FC,0,1,1519.8087586926965,1482.5326990209674,1513.9220105711497,1488.4194471425142,0.5886748121546725,0.0
2025-08-29,2025,Racing Louisville FC,Houston Dash,1,1,1488.4194471425142,1455.9807937802716,1487.600287801004,1456.7999531217818,0.5819159341510257,0.5
2025-08-30,2025,Seattle Reign FC,San Diego Wave FC,0,0,1495.2557276748987,1513.9220105711497,1495.1645882546125,1514.013149991436,0.5091139420286163,0.5
2025-08-30,2025,Orlando Pride,Gotham FC,0,2,1548.4367285780386,1527.5254632733415,1539.9513828987149,1536.0108089526652,0.5656897119549117,0.0
2025-08-30,2025,Portland Thorns FC,Utah Royals,1,2,1517.1792264111925,1427.6293281979338,1510.5879654841742,1434.220589124952,0.65912609270183,0.0
2025-08-30,2025,Kansas City Current,North Carolina Courage,2,0,1599.6654700906956,1497.0316232596194,1604.5278689664544,1492.1692243838606,0.6758400749494093,1.0
2025-08-31,2025,Washington Spirit,Chicago Stars FC,1,1,1544.7885038164377,1439.871288287085,1543.001373693482,1441.6584184100407,0.6787130122955679,0.5
2025-09-02,2025,Angel City FC,Bay FC,2,1,1472.13519194791,1472.1591969689111,1476.776376357676,1467.518012559145,0.5358815590233807,1.0
2025-09-06,2025,Racing Louisville FC,Portland Thorns FC,1,2,1487.600287801004,1510.5879654841742,1482.5713284787744,1515.6169248064039,0.5028959322229745,0.0
2025-09-06,2025,North Carolina Courage,Utah Royals,1,1,1492.1692243838606,1434.220589124952,1490.9976726656903,1435.3921408431224,0.61715517181704,0.5
2025-09-07,2025,Bay FC,Kansas City Current,0,2,1467.518012559145,1604.5278689664544,1462.3555122497673,1609.6903692758322,0.3441666872918443,0.0
2025-09-07,2025,Chicago Stars FC,Orlando Pride,5,2,1441.6584184100407,1539.9513828987149,1452.2273645518985,1529.382436756857,0.39606022046526235,1.0
2025-09-07,2025,Washington Spirit,Seattle Reign FC,2,0,1543.001373693482,1495.1645882546125,1548.9517014383825,1489.214260509712,0.6033114836733026,1.0
2025-09-07,2025,Gotham FC,Angel City FC,3,1,1536.0108089526652,1476.776376357676,1541.7272719063576,1471.0599134039837,0.6189024697538389,1.0
2025-09-08,2025,San Diego Wave FC,Houston Dash,0,3,1514.013149991436,1456.7999531217818,1503.2304479466575,1467.5826551665602,0.6161544025587753,0.0
2025-09-13,2025,Kansas City Current,Washington Spirit,0,0,1609.6903692758322,1548.9517014383825,1608.480942228795,1550.1611284854198,0.6209427047037321,0.5
2025-09-13,2025,Orlando Pride,Bay FC,1,1,1529.382436756857,1462.3555122497673,1528.0881897646052,1463.6497592420192,0.6294246992251756,0.5
2025-09-13,2025,San Diego Wave FC,Gotham FC,0,2,1503.2304479466575,1541.7272719063576,1496.0216538417749,1548.9360660112402,0.4805862736588455,0.0
2025-09-13,2025,North Carolina Courage,Angel City FC,2,1,1490.9976726656903,1471.0599134039837,1495.354548640171,1466.703037429503,0.5643124025519188,1.0
2025-09-14,2025,Chicago Stars FC,Portland Thorns FC,1,1,1452.2273645518985,1515.6169248064039,1452.7775973032446,1515.0666920550577,0.4449767248653768,0.5
2025-09-14,2025,Utah Royals,Houston Dash,2,0,1435.3921408431224,1467.5826551665602,1443.047338414518,1459.9274575951647,0.489653495240297,1.0
2025-09-17,2025,Seattle Reign FC,Racing Louisville FC,1,0,1489.214260509712,1482.5713284787744,1493.7601370364746,1478.0254519520117,0.5454123473237361,1.0
2025-09-19,2025,Angel City FC,Washington Spirit,2,2,1466.703037429503,1550.1611284854198,1467.5364669783803,1549.3276989365424,0.4166570451122704,0.5
2025-09-20,2025,Kansas City Current,Seattle Reign FC,2,0,1608.480942228795,1493.7601370364746,1613.1175467816465,1489.123532483623,0.6908930298098891,1.0
2025-09-20,2025,Utah Royals,Racing Louisville FC,3,2,1443.047338414518,1478.0254519520117,1448.1908955448787,1472.881894821651,0.48564428696392975,1.0
2025-09-20,2025,Houston Dash,Chicago Stars FC,1,0,1459.9274575951647,1452.7775973032446,1464.4660999813232,1448.2389549170862,0.5461357613841556,1.0
2025-09-20,2025,Orlando Pride,North Carolina Courage,0,1,1528.0881897646052,1495.354548640171,1522.2648997288343,1501.177838675942,0.5823290035770903,0.0
2025-09-21,2025,Portland Thorns FC,San Diego Wave FC,1,1,1515.0666920550577,1496.0216538417749,1514.4362069175231,1496.6521389793095,0.5630485137534517,0.5
2025-09-22,2025,Bay FC,Gotham FC,1,1,1463.6497592420192,1548.9360660112402,1464.508745272362,1548.0770799808975,0.4141013969657152,0.5
2025-09-27,2025,Gotham FC,Portland Thorns FC,3,0,1548.0770799808975,1514.4362069175231,1555.3641032836176,1507.149183614803,0.5835986684159948,1.0
2025-09-27,2025,Kansas City Current,Chicago Stars FC,4,1,1613.1175467816465,1448.2389549170862,1617.5108923830392,1443.8456093156935,0.7489516799204217,1.0
2025-09-27,2025,San Diego Wave FC,Orlando Pride,1,2,1496.6521389793095,1522.2648997288343,1491.6609573062128,1527.256081401931,0.4991181673096775,0.0
2025-09-27,2025,Racing Louisville FC,Angel City FC,1,0,1472.881894821651,1467.5364669783803,1477.4462960993908,1462.9720657006405,0.5435598722260266,1.0
2025-09-28,2025,Bay FC,Utah Royals,0,2,1464.508745272362,1448.1908955448787,1456.1210087928073,1456.5786320244333,0.55918243197031,0.0
2025-09-28,2025,Washington Spirit,Houston Dash,4,0,1549.3276989365424,1464.4660999813232,1555.8332613173511,1457.9605376005145,0.6530366730235414,1.0
2025-09-29,2025,Seattle Reign FC,North Carolina Courage,2,1,1489.123532483623,1501.177838675942,1493.9373151446684,1496.3640560148965,0.5186217338954543,1.0
2025-10-04,2025,Houston Dash,Orlando Pride,1,1,1457.9605376005145,1527.256081401931,1458.594570157921,1526.6220488445244,0.43659674425935363,0.5
2025-10-04,2025,North Carolina Courage,Racing Louisville FC,1,3,1496.3640560148965,1477.4462960993908,1487.921032269418,1485.8893198448693,0.562868249698571,0.0
2025-10-05,2025,Gotham FC,Seattle Reign FC,0,0,1555.3641032836176,1493.9373151446684,1554.1453572672763,1495.1560611610098,0.6218746016341427,0.5
2025-10-05,2025,Chicago Stars FC,Utah Royals,2,2,1443.8456093156935,1456.5786320244333,1443.6691466415793,1456.7550946985475,0.5176462674114135,0.5
2025-10-05,2025,Portland Thorns FC,Bay FC,2,1,1507.149183614803,1456.1210087928073,1511.072186310982,1452.1980060966282,0.6076997303820856,1.0
2025-10-05,2025,Washington Spirit,San Diego Wave FC,2,1,1555.8332613173511,1491.6609573062128,1559.577423870241,1487.9167947533228,0.6255837447109952,1.0
2025-10-07,2025,Angel City FC,Kansas City Current,0,1,1462.9720657006405,1617.5108923830392,1459.7544441975376,1620.728513886142,0.32176215031029676,0.0
2025-10-10,2025,Racing Louisville FC,Chicago Stars FC,1,1,1485.8893198448693,1443.6691466415793,1484.9338362407866,1444.624630245662,0.5955483604082618,0.5
2025-10-11,2025,Orlando Pride,Portland Thorns FC,1,0,1526.6220488445244,1511.072186310982,1531.0411247388176,1506.6531104166888,0.5580924105706813,1.0
2025-10-11,2025,Seattle Reign FC,Bay FC,1,1,1495.1560611610098,1452.1980060966282,1494.1903505325752,1453.1637167250628,0.5965710628434532,0.5
2025-10-11,2025,Kansas City Current,Gotham FC,2,0,1620.728513886142,1554.1453572672763,1626.2960839934149,1548.5777871600035,0.6288286595151468,1.0
2025-10-11,2025,North Carolina Courage,Washington Spirit,1,1,1487.921032269418,1559.577423870241,1488.5884645449219,1558.9099915947372,0.43325677244960775,0.5
2025-10-12,2025,Utah Royals,San Diego Wave FC,2,3,1456.7550946985475,1487.9167947533228,1451.84375939488,1492.8281300569904,0.49113353036675167,0.0
2025-10-12,2025,Angel City FC,Houston Dash,2,0,1459.7544441975376,1458.594570157921,1466.6908026546796,1451.658211700779,0.5375761028572088,1.0
2025-10-18,2025,Bay FC,North Carolina Courage,1,4,1453.1637167250628,1488.5884645449219,1444.676180281737,1497.0760009882476,0.48500208247576393,0.0
2025-10-18,2025,Seattle Reign FC,Utah Royals,2,1,1494.1903505325752,1451.84375939488,1498.2331141872523,1447.8009957402028,0.5957236345322817,1.0
2025-10-18,2025,Washington Spirit,Orlando Pride,2,3,1558.9099915947372,1531.0411247388176,1553.1549660914409,1536.796150242114,0.5755025503296315,0.0
2025-10-18,2025,Houston Dash,Kansas City Current,1,0,1451.658211700779,1626.2960839934149,1458.6877107496366,1619.2665849445573,0.2970500951142315,1.0
2025-10-19,2025,Gotham FC,Racing Louisville FC,2,2,1548.5777871600035,1484.9338362407866,1547.329076366981,1486.182547033809,0.624871079302237,0.5
2025-10-19,2025,Angel City FC,Portland Thorns FC,0,2,1466.6908026546796,1506.6531104166888,1459.5135905090096,1513.8303225623588,0.47848080971133083,0.0
2025-10-19,2025,San Diego Wave FC,Chicago Stars FC,6,1,1492.8281300569904,1444.624630245662,1500.7517983226955,1436.700961979957,0.6038165867147455,1.0
2025-11-02,2025,Kansas City Current,San Diego Wave FC,2,1,1619.2665849445573,1500.7517983226955,1622.3112088441171,1497.7071744231357,0.6955376100440187,1.0
2025-11-02,2025,Chicago Stars FC,Angel City FC,2,1,1436.700961979957,1459.5135905090096,1441.6694835899682,1454.5450688989984,0.5031478389988745,1.0
2025-11-02,2025,North Carolina Courage,Gotham FC,3,2,1497.0760009882476,1547.329076366981,1502.4387833226617,1541.966294032567,0.4637217665585918,1.0
2025-11-02,2025,Orlando Pride,Seattle Reign FC,1,1,1536.796150242114,1498.2331141872523,1535.8914754418122,1499.1377889875541,0.5904674800301889,0.5
2025-11-02,2025,Portland Thorns FC,Houston Dash,2,0,1513.8303225623588,1458.6877107496366,1519.6303496277078,1452.8876836842876,0.6133315289767377,1.0
2025-11-02,2025,Racing Louisville FC,Bay FC,1,0,1486.182547033809,1444.676180281737,1490.23696467296,1440.621762642586,0.5945582360849015,1.0
2025-11-02,2025,Utah Royals,Washington Spirit,1,0,1447.8009957402028,1553.1549660914409,1453.9371960551834,1547.0187657764602,0.3863799685019242,1.0
2025-11-08,2025,Orlando Pride,Seattle Reign FC,2,0,1535.8914754418122,1499.1377889875541,1542.072277823377,1492.9569866059894,0.5879465078956869,1.0
2025-11-08,2025,Washington Spirit,Racing Louisville FC,1,1,1547.0187657764602,1490.23696467296,1545.8630966817568,1491.3926337676635,0.6155669094703328,0.5
2025-11-09,2025,Kansas City Current,Gotham FC,1,2,1622.3112088441171,1541.966294032567,1615.8399851333947,1548.4375177432894,0.6471223710722411,0.0
2025-11-09,2025,Portland Thorns FC,San Diego Wave FC,1,0,1519.6303496277078,1497.7071744231357,1523.9591468262608,1493.3783772245827,0.5671202801446995,1.0
2025-11-15,2025,Washington Spirit,Portland Thorns FC,2,0,1545.8630966817568,1523.9591468262608,1552.356700016389,1517.4655434916288,0.5670931110245245,1.0
2025-11-16,2025,Orlando Pride,Gotham FC,0,1,1542.072277823377,1548.4375177432894,1536.80435892935,1553.7054366373163,0.5267918894026995,0.0
2025-11-23,2025,Washington Spirit,Gotham FC,0,1,1552.356700016389,1553.7054366373163,1547.0168557647378,1559.0452808889675,0.5339844251651207,0.0
2026-03-14,2026,Washington Spirit,Portland Thorns FC,0,1,1523.5084278823688,1508.7327717458143,1517.9384979293466,1514.3027016988365,0.5569929953022299,0.0
2026-03-14,2026,Boston Legacy FC,Gotham FC,0,1,1500.0,1529.5226404444838,1495.0650823519522,1534.4575580925316,0.49349176480477297,0.0
2026-03-14,2026,Kansas City Current,Utah Royals,2,1,1557.9199925666974,1476.9685980275917,1561.4408006770832,1473.447789917206,0.6479191889614297,1.0
2026-03-14,2026,Bay FC,Denver Summit FC,2,1,1470.310881321293,1500.0,1475.3783590665803,1494.9325222547127,0.4932522254712697,1.0
2026-03-14,2026,North Carolina Courage,Racing Louisville FC,2,1,1501.219391661331,1495.6963168838317,1505.7812559112049,1491.1344526339578,0.5438135750126144,1.0
2026-03-15,2026,San Diego Wave FC,Houston Dash,0,1,1496.6891886122912,1476.4438418421437,1491.0417117776876,1482.0913186767473,0.5647476834603566,0.0
2026-03-15,2026,Orlando Pride,Seattle Reign FC,1,2,1518.402179464675,1496.4784933029946,1512.7309694424753,1502.1497033251944,0.5671210022199753,0.0
2026-03-15,2026,Angel City FC,Chicago Stars FC,4,0,1477.2725344494993,1470.834741794984,1485.8015429308173,1462.305733313666,0.545119547663037,1.0
2026-03-21,2026,Orlando Pride,Denver Summit FC,1,1,1512.7309694424753,1494.9325222547127,1512.1181468547643,1495.5453448424237,0.5612822587710922,0.5
2026-03-21,2026,Racing Louisville FC,Washington Spirit,2,2,1491.1344526339578,1517.9384979293466,1491.1604146994082,1517.9125358638962,0.49740379345496355,0.5
2026-03-21,2026,Portland Thorns FC,Seattle Reign FC,2,0,1514.3027016988365,1502.1497033251944,1521.0037328639144,1495.4486721601165,0.5532645889948138,1.0
2026-03-21,2026,Houston Dash,Boston Legacy FC,3,0,1482.0913186767473,1495.0650823519522,1490.5385645391384,1486.6178364895611,0.5173002364347864,1.0
2026-03-21,2026,Gotham FC,North Carolina Courage,0,0,1534.4575580925316,1505.7812559112049,1533.691181628593,1506.5476323751434,0.5766376463938572,0.5
2026-03-22,2026,Chicago Stars FC,Kansas City Current,2,1,1462.305733313666,1561.4408006770832,1468.356720379347,1555.3898136114021,0.39490129343189395,1.0
2026-03-22,2026,Utah Royals,San Diego Wave FC,1,2,1473.447789917206,1491.0417117776876,1468.3412240255032,1496.1482776693904,0.5106565891702833,0.0
2026-03-22,2026,Bay FC,Angel City FC,1,3,1475.3783590665803,1485.8015429308173,1467.5638776972298,1493.6160243001677,0.5209654246233636,0.0
2026-03-25,2026,Gotham FC,Denver Summit FC,0,2,1533.691181628593,1495.5453448424237,1524.8428824545692,1504.3936440164475,0.5898866116015835,0.0
2026-03-25,2026,Washington Spirit,Utah Royals,1,1,1517.9125358638962,1468.3412240255032,1516.8555497053753,1469.398210184024,0.6056986158520868,0.5
2026-03-26,2026,Chicago Stars FC,Orlando Pride,0,3,1468.356720379347,1512.1181468547643,1460.0787592552554,1520.396107978856,0.47302634994809956,0.0
2026-03-26,2026,Seattle Reign FC,Kansas City Current,3,0,1495.4486721601165,1555.3898136114021,1505.0756934342335,1545.7627923372852,0.44988449862188895,1.0
2026-03-26,2026,San Diego Wave FC,Portland Thorns FC,3,1,1496.1482776693904,1521.0037328639144,1503.6451574191233,1513.5068531141815,0.5002080166844728,1.0
2026-03-28,2026,Denver Summit FC,Washington Spirit,0,0,1504.3936440164475,1516.8555497053753,1504.2132846226864,1517.0359090991365,0.518035939376121,0.5
2026-03-28,2026,Angel City FC,Houston Dash,2,1,1493.6160243001677,1490.5385645391384,1498.2128345100148,1485.9417543292914,0.5403189790152898,1.0
2026-03-28,2026,Boston Legacy FC,Utah Royals,1,2,1486.6178364895611,1469.398210184024,1481.0132203397275,1475.0028263338577,0.560461614983371,0.0
2026-03-28,2026,Portland Thorns FC,Kansas City Current,2,0,1513.5068531141815,1545.7627923372852,1521.163462385295,1538.1061830661718,0.4895593819257641,1.0
2026-03-28,2026,Seattle Reign FC,Racing Louisville FC,2,1,1505.0756934342335,1491.1604146994082,1509.5179878582665,1486.7181202753752,0.5557705575967128,1.0
2026-03-28,2026,North Carolina Courage,Bay FC,1,3,1506.5476323751434,1467.5638776972298,1497.6818374814268,1476.4296725909464,0.5910529929144368,0.0
2026-03-29,2026,San Diego Wave FC,Chicago Stars FC,2,0,1503.6451574191233,1460.0787592552554,1509.6839535017398,1454.0399631726389,0.5974135944922313,1.0
2026-03-29,2026,Gotham FC,Orlando Pride,0,0,1524.8428824545692,1520.396107978856,1524.4201211010181,1520.818869332407,0.5422761353551006,0.5
2026-04-03,2026,Boston Legacy FC,San Diego Wave FC,0,1,1481.0132203397275,1509.6839535017398,1476.0660444708844,1514.6311293705828,0.49471758688431167,0.0
2026-04-04,2026,North Carolina Courage,Portland Thorns FC,2,2,1497.6818374814268,1521.163462385295,1497.6599864464001,1521.1853134203216,0.5021851035026592,0.5
2026-04-04,2026,Kansas City Current,Gotham FC,2,1,1538.1061830661718,1524.4201211010181,1542.5517353835098,1519.97456878368,0.5554447682661953,1.0
2026-04-04,2026,Houston Dash,Racing Louisville FC,4,3,1485.9417543292914,1486.7181202753752,1490.5937119802272,1482.0661626244394,0.5348042349064169,1.0
2026-04-04,2026,Orlando Pride,Angel City FC,2,1,1520.818869332407,1498.2128345100148,1525.1380190391737,1493.893684803248,0.5680850293233439,1.0
2026-04-04,2026,Utah Royals,Chicago Stars FC,1,0,1475.0028263338577,1454.0399631726389,1479.345199492579,1449.6975900139175,0.5657626841278578,1.0
2026-04-05,2026,Seattle Reign FC,Denver Summit FC,0,0,1509.5179878582665,1504.2132846226864,1509.0829707679438,1504.648301713009,0.5435017090322612,0.5
2026-04-05,2026,Bay FC,Washington Spirit,0,2,1476.4296725909464,1517.0359090991365,1469.2663338945272,1524.1992477955557,0.4775559130946204,0.0
2026-04-24,2026,Racing Louisville FC,Orlando Pride,3,2,1482.0661626244394,1525.1380190391737,1487.3260032485837,1519.8781784150294,0.47401593758557603,1.0
2026-04-25,2026,Washington Spirit,Kansas City Current,4,0,1524.1992477955557,1542.5517353835098,1533.3948970671654,1533.3560861119001,0.509565372180814,1.0
2026-04-25,2026,Gotham FC,Bay FC,3,0,1519.97456878368,1469.2663338945272,1526.847508714397,1462.3933939638102,0.6072605753875971,1.0
2026-04-25,2026,Chicago Stars FC,Boston Legacy FC,2,0,1449.6975900139175,1476.0660444708844,1457.227130325219,1468.536504159583,0.4980306459132436,1.0
2026-04-26,2026,Houston Dash,North Carolina Courage,0,1,1490.5937119802272,1497.6599864464001,1485.335853891516,1502.9178445351113,0.5257858088711185,0.0
2026-04-26,2026,Denver Summit FC,San Diego Wave FC,2,3,1504.648301713009,1514.6311293705828,1499.4323217132164,1519.8471093703754,0.5215979999792659,0.0
2026-04-26,2026,Angel City FC,Portland Thorns FC,1,2,1493.893684803248,1521.1853134203216,1488.9266635118297,1526.15233471174,0.4967021291418428,0.0
2026-04-27,2026,Seattle Reign FC,Utah Royals,0,3,1509.0829707679438,1479.345199492579,1498.9657196986172,1489.4624505619056,0.5781286325329487,0.0
2026-04-29,2026,Washington Spirit,Racing Louisville FC,1,0,1533.3948970671654,1487.3260032485837,1537.3861634626971,1483.334736853052,0.6008733604468293,1.0
2026-04-29,2026,Boston Legacy FC,North Carolina Courage,2,2,1468.536504159583,1502.9178445351113,1468.6714796986996,1502.7828689959947,0.48650244608834103,0.5
2026-04-30,2026,Portland Thorns FC,San Diego Wave FC,2,0,1526.15233471174,1519.8471093703754,1532.9783799868253,1513.02106409529,0.5449303149943048,1.0
2026-04-30,2026,Chicago Stars FC,Gotham FC,0,2,1457.227130325219,1526.847508714397,1450.685077705589,1533.389561334027,0.43613684130866553,0.0
2026-05-02,2026,Houston Dash,Seattle Reign FC,0,0,1485.335853891516,1498.9657196986172,1485.1722828969043,1499.129290693229,0.5163570994611673,0.5
2026-05-02,2026,Orlando Pride,Washington Spirit,2,4,1519.8781784150294,1537.3861634626971,1512.2164753347417,1545.0478665429848,0.510780205352508,0.0
2026-05-02,2026,North Carolina Courage,Kansas City Current,1,2,1502.7828689959947,1533.3560861119001,1497.8630671589801,1538.2758879489147,0.49198018370145824,0.0
2026-05-03,2026,Angel City FC,Utah Royals,0,1,1488.9266635118297,1489.4624505619056,1483.5751758963293,1494.813938177406,0.5351487615500369,0.0
2026-05-03,2026,Chicago Stars FC,Portland Thorns FC,0,2,1450.685077705589,1532.9783799868253,1444.4107630708659,1539.2526946215485,0.41828764231488424,0.0
2026-05-03,2026,Boston Legacy FC,Denver Summit FC,3,2,1468.6714796986996,1499.4323217132164,1473.7543772827175,1494.3494241291983,0.49171024159819576,1.0
2026-05-03,2026,Gotham FC,Racing Louisville FC,1,0,1533.389561334027,1483.334736853052,1537.3259297868406,1479.3983684002383,0.6063631547186341,1.0
2026-05-03,2026,San Diego Wave FC,Bay FC,0,1,1513.02106409529,1462.3933939638102,1506.949564460752,1468.4648935983482,0.6071499634537897,0.0
2026-05-07,2026,Utah Royals,Houston Dash,2,0,1494.813938177406,1485.1722828969043,1501.5686061885071,1478.4176148858032,0.5496887992599285,1.0
2026-05-08,2026,Racing Louisville FC,Portland Thorns FC,3,1,1479.3983684002383,1539.2526946215485,1487.6482456443543,1531.0028173774324,0.450008183725596,1.0
2026-05-09,2026,Orlando Pride,North Carolina Courage,1,0,1512.2164753347417,1497.8630671589801,1516.652543893806,1493.4269985999158,0.5563931440935699,1.0
2026-05-09,2026,Gotham FC,Boston Legacy FC,1,1,1537.3259297868406,1473.7543772827175,1536.078195957286,1475.0021111122721,0.62477338295546,0.5
2026-05-10,2026,Seattle Reign FC,Washington Spirit,0,1,1499.129290693229,1545.0478665429848,1494.429969959588,1549.7471872766257,0.4699320733640878,0.0
2026-05-10,2026,Bay FC,Utah Royals,0,0,1468.4648935983482,1501.5686061885071,1468.5814942533286,1501.4520055335267,0.48833993450196866,0.5
2026-05-10,2026,Kansas City Current,Chicago Stars FC,3,0,1538.2758879489147,1444.4107630708659,1544.1439012061346,1438.542749813646,0.6646849567302926,1.0
2026-05-10,2026,Angel City FC,San Diego Wave FC,1,2,1483.5751758963293,1506.949564460752,1478.5517816379286,1511.9729587191528,0.5023394258400766,0.0
2026-05-10,2026,Houston Dash,Denver Summit FC,1,4,1478.4176148858032,1494.3494241291983,1469.4392886590108,1503.3277503559907,0.5130472129595611,0.0
2026-05-12,2026,Boston Legacy FC,Orlando Pride,2,1,1475.0021111122721,1516.652543893806,1480.2415468265629,1511.4131081795153,0.47605642857093006,1.0
2026-05-16,2026,Kansas City Current,Houston Dash,3,0,1544.1439012061346,1469.4392886590108,1550.4496207591778,1463.1335691059676,0.6396731683975272,1.0
2026-05-16,2026,Bay FC,Boston Legacy FC,1,1,1468.5814942533286,1480.2415468265629,1468.3896112605287,1480.4334298193628,0.5191882992800004,0.5
2026-05-16,2026,San Diego Wave FC,Washington Spirit,2,1,1511.9729587191528,1549.7471872766257,1517.156711852433,1544.5634341433454,0.4816246866719695,1.0
2026-05-16,2026,Seattle Reign FC,Gotham FC,0,2,1494.429969959588,1536.078195957286,1487.289076002992,1543.219089913882,0.47605959710640594,0.0
2026-05-16,2026,North Carolina Courage,Chicago Stars FC,4,0,1493.4269985999158,1438.542749813646,1500.683646893395,1431.2861015201668,0.6129787576811104,1.0
2026-05-17,2026,Denver Summit FC,Orlando Pride,3,1,1503.3277503559907,1511.4131081795153,1510.462906653561,1504.277951881945,0.5243229134953035,1.0
2026-05-17,2026,Portland Thorns FC,Angel City FC,0,0,1531.0028173774324,1478.5517816379286,1529.9063108297698,1479.6482881855911,0.6096506547662545,0.5
2026-05-18,2026,Utah Royals,Racing Louisville FC,2,1,1501.4520055335267,1487.6482456443543,1505.8958849323967,1483.2043662454844,0.5556120601130047,1.0
2026-05-21,2026,Houston Dash,San Diego Wave FC,2,2,1463.1335691059676,1517.156711852433,1463.550276872535,1516.7400040858656,0.45832922334326304,0.5
2026-05-21,2026,Angel City FC,Kansas City Current,2,1,1479.6482881855911,1550.4496207591778,1485.3036304886004,1544.7942784561685,0.43446576969907497,1.0
2026-05-21,2026,Portland Thorns FC,Bay FC,2,0,1529.9063108297698,1468.3896112605287,1535.5763663418631,1462.7195557484354,0.6219962991937807,1.0
2026-05-23,2026,Utah Royals,Denver Summit FC,2,1,1505.8958849323967,1510.462906653561,1510.6021692856186,1505.7566223003391,0.5293715646778093,1.0
2026-05-23,2026,Boston Legacy FC,Seattle Reign FC,1,2,1480.4334298193628,1487.289076002992,1475.1725487027236,1492.5499571196312,0.5260881116639251,0.0
2026-05-23,2026,Racing Louisville FC,North Carolina Courage,1,2,1483.2043662454844,1500.683646893395,1478.0961512952022,1505.791861843677,0.5108214950282104,0.0
2026-05-24,2026,Houston Dash,Angel City FC,2,1,1463.550276872535,1485.3036304886004,1468.5035552351756,1480.35035212596,0.5046721637359516,1.0
2026-05-24,2026,Kansas City Current,Portland Thorns FC,3,1,1544.7942784561685,1535.5763663418631,1551.5580044549752,1528.8126403430565,0.5490849334128955,1.0
2026-05-24,2026,Bay FC,Chicago Stars FC,0,1,1462.7195557484354,1431.2861015201668,1456.9144807423472,1437.091176526255,0.5805075006088082,0.0
2026-05-24,2026,San Diego Wave FC,Orlando Pride,0,1,1516.7400040858656,1504.277951881945,1511.2029614454902,1509.8149945223204,0.5537042640375454,0.0
2026-05-29,2026,Orlando Pride,Bay FC,3,1,1509.8149945223204,1456.9144807423472,1515.6610011977882,1451.0684740668794,0.6102662216354774,1.0
2026-05-30,2026,Racing Louisville FC,Denver Summit FC,0,1,1478.0961512952022,1505.7566223003391,1473.1344378023553,1510.718335793186,0.4961713492846911,0.0
2026-05-30,2026,Kansas City Current,Boston Legacy FC,1,0,1551.5580044549752,1475.1725487027236,1555.1390013602183,1471.5915517974804,0.6419003094756808,1.0
2026-05-30,2026,Portland Thorns FC,Utah Royals,2,2,1528.8126403430565,1510.6021692856186,1528.1939781800468,1511.2208314486284,0.5618662163009767,0.5
2026-05-30,2026,Washington Spirit,Seattle Reign FC,2,1,1544.5634341433454,1492.5499571196312,1548.4729233836965,1488.64046787928,0.60905107596488,1.0
2026-05-31,2026,Angel City FC,North Carolina Courage,1,2,1480.35035212596,1505.791861843677,1475.3567059581299,1510.785508011507,0.49936461678299887,0.0
2026-05-31,2026,Chicago Stars FC,San Diego Wave FC,0,2,1437.091176526255,1511.2029614454902,1430.6443344771437,1517.6498034946014,0.4297894699407394,0.0
2026-05-31,2026,Gotham FC,Houston Dash,1,0,1543.219089913882,1468.5035552351756,1546.8222133146787,1464.9004318343789,0.6396876599203428,1.0
2026-07-04,2026,North Carolina Courage,Seattle Reign FC,3,1,1510.785508011507,1488.64046787928,1517.274001180072,1482.1519747107152,0.5674337887623383,1.0
2026-07-04,2026,Angel City FC,Orlando Pride,2,0,1475.3567059581299,1515.6610011977882,1483.1868622166435,1507.8308449392746,0.4779895827657593,1.0
2026-07-04,2026,Washington Spirit,Houston Dash,2,1,1548.4729233836965,1464.9004318343789,1551.959389494885,1461.4139657231904,0.6513533888811582,1.0
2026-07-04,2026,Denver Summit FC,Kansas City Current,0,3,1510.718335793186,1555.1390013602183,1502.4569272590995,1563.4004098943049,0.4720804876620824,0.0
2026-07-05,2026,San Diego Wave FC,Gotham FC,2,0,1517.6498034946014,1546.8222133146787,1525.2398678710772,1539.232148938203,0.49399570823494876,1.0
2026-07-05,2026,Boston Legacy FC,Bay FC,2,2,1471.5915517974804,1451.0684740668794,1470.9401455243717,1451.719880339988,0.5651406273108776,0.5
2026-07-05,2026,Chicago Stars FC,Utah Royals,3,2,1430.6443344771437,1511.2208314486284,1436.4373918616225,1505.4277740641496,0.4206942615521271,1.0
2026-07-05,2026,Portland Thorns FC,Racing Louisville FC,4,0,1528.1939781800468,1473.1344378023553,1535.4461385160214,1465.8822774663806,0.6132181154146809,1.0
2026-07-11,2026,Boston Legacy FC,Chicago Stars FC,2,0,1470.9401455243717,1436.4373918616225,1477.168087951934,1430.2094494340602,0.584803838162518,1.0
2026-07-11,2026,Racing Louisville FC,Bay FC,0,2,1465.8822774663806,1451.719880339988,1457.5404514104375,1460.0617063959312,0.5561217370628764,0.0
2026-07-11,2026,Orlando Pride,Kansas City Current,3,0,1507.8308449392746,1563.4004098943049,1517.348744331117,1553.8825105024625,0.45612003475187346,1.0
2026-07-11,2026,Utah Royals,Gotham FC,1,3,1505.4277740641496,1539.232148938203,1498.1177911010432,1546.5421319013094,0.4873321975404308,0.0
2026-07-11,2026,North Carolina Courage,Washington Spirit,0,2,1517.274001180072,1551.959389494885,1509.983022951517,1559.2503677234401,0.4860652152370104,0.0
2026-07-12,2026,San Diego Wave FC,Angel City FC,0,2,1525.2398678710772,1483.1868622166435,1516.3101196072541,1492.1166104804665,0.5953165509215346,0.0
2026-07-12,2026,Seattle Reign FC,Portland Thorns FC,2,0,1482.1519747107152,1535.4461385160214,1490.2614066762676,1527.336706550469,0.4593712022965003,1.0
2026-07-12,2026,Denver Summit FC,Houston Dash,2,2,1502.4569272590995,1461.4139657231904,1501.5177769392,1462.3531160430898,0.5939150319899391,0.5
2026-07-15,2026,Orlando Pride,Boston Legacy FC,0,1,1517.348744331117,1477.168087951934,1511.4215713276978,1483.095260955353,0.5927173003418965,0.0
2026-07-16,2026,Gotham FC,Washington Spirit,1,0,1546.5421319013094,1559.2503677234401,1551.3653129604277,1554.4271866643219,0.5176818940881812,1.0
2026-07-18,2026,Kansas City Current,San Diego Wave FC,2,2,1553.8825105024625,1516.3101196072541,1552.9916325898826,1517.2009975198341,0.5890877912579969,0.5
2026-07-18,2026,Denver Summit FC,Portland Thorns FC,2,1,1501.5177769392,1527.336706550469,1506.5295622618441,1522.324921227825,0.49882146773560254,1.0
2026-07-18,2026,Gotham FC,Seattle Reign FC,3,2,1551.3653129604277,1490.2614066762676,1555.1509385023398,1486.4757811343554,0.621437445808787,1.0
2026-07-18,2026,Bay FC,North Carolina Courage,3,0,1460.0617063959312,1509.983022951517,1469.43826370502,1500.606465642428,0.4641967251949166,1.0
2026-07-18,2026,Chicago Stars FC,Angel City FC,0,2,1430.2094494340602,1492.1166104804665,1423.5031712733808,1498.822888641146,0.44708521071196744,0.0
2026-07-19,2026,Utah Royals,Orlando Pride,1,0,1498.1177911010432,1511.4215713276978,1502.9495325252742,1506.5898299034668,0.516825857576888,1.0
2026-07-19,2026,Racing Louisville FC,Houston Dash,1,1,1457.5404514104375,1462.3531160430898,1457.2502587963406,1462.6433086571867,0.529019261409682,0.5
2026-07-19,2026,Boston Legacy FC,Washington Spirit,1,2,1483.095260955353,1554.4271866643219,1478.7581064238893,1558.7643411957856,0.43371545314637355,0.0
2026-07-25,2026,Houston Dash,Bay FC,1,0,1462.6433086571867,1469.43826370502,1467.381556510592,1464.7000158516148,0.5261752146594724,1.0
2026-07-25,2026,Orlando Pride,Chicago Stars FC,1,0,1506.5898299034668,1423.5031712733808,1510.0826497386913,1420.0103514381562,0.6507180164775486,1.0
2026-07-25,2026,Portland Thorns FC,Gotham FC,2,2,1522.324921227825,1555.1509385023398,1522.4375276257003,1555.0383321044644,0.4887393602124483,0.5
2026-07-25,2026,Boston Legacy FC,Kansas City Current,1,0,1478.7581064238893,1552.9916325898826,1484.4619290912722,1547.2878099224997,0.42961773326172636,1.0
2026-07-25,2026,North Carolina Courage,Utah Royals,1,4,1500.606465642428,1502.9495325252742,1491.2866690314172,1512.269329136285,0.5325598063434743,0.0
2026-07-26,2026,Washington Spirit,Denver Summit FC,1,0,1558.7643411957856,1506.5295622618441,1562.6707975632442,1502.6231058943856,0.6093543632541417,1.0
2026-07-26,2026,San Diego Wave FC,Seattle Reign FC,0,2,1517.2009975198341,1486.4757811343554,1508.5082820542773,1495.1684965999123,0.5795143643704501,0.0
2026-07-27,2026,Angel City FC,Racing Louisville FC,1,2,1498.822888641146,1457.2502587963406,1492.8763868165458,1463.1967606209407,0.5946501824600202,0.0
